1570172329.03845024,0.02281400,-0.00305000,1.01394200,0.08868940,-0.10351075,-0.41289500,0.14047250,0.13776000,0.32154341,1.14951768,-1.76702719
1570172329.11037564,0.01927600,-0.00549000,1.01040400,-0.04975378,0.09736337,-0.41289500,0.31547250,0.13776000,0.32154341,1.14951768,-1.76702719
1570172329.17336321,0.02220400,-0.00256200,1.00662200,0.11560246,-0.07564048,-0.83289500,0.98047250,0.52276000,0.33045893,1.14951768,-1.76176557
1570172329.23655820,0.02025200,-0.00439200,1.00625600,0.14494195,0.05038650,-0.06289500,0.31547250,-0.10724000,0.33206665,1.15361006,-1.76658872
1570172329.29970813,0.02049600,-0.00524600,1.00820800,-0.00149435,-0.15292473,-0.41289500,0.31547250,0.55776000,0.33206665,1.15361006,-1.76658872
1570172329.36266136,0.02318000,-0.00658800,1.01186800,0.10992408,-0.47237586,0.18210500,-0.13952750,-0.21224000,0.32519731,1.15054078,-1.77111956
1570172329.42667627,0.01878800,-0.00500200,1.01028200,-0.02187429,0.28490514,-0.23789500,0.28047250,0.20776000,0.32519731,1.14907922,-1.77214265
1570172329.49048615,0.01891000,-0.00512400,1.00662200,-0.00044268,0.12161198,0.11210500,0.07047250,-0.14224000,0.32797428,1.14907922,-1.77214265
1570172329.55352426,0.02122800,-0.00549000,1.00662200,-0.05031182,0.02604022,0.28710500,-0.10452750,-0.14224000,0.32285881,1.15229465,-1.76702719
1570172329.61662889,0.02269200,-0.00610000,1.01028200,-0.20130333,0.00235632,0.11210500,-0.10452750,0.13776000,0.32285881,1.15229465,-1.76702719
1570172329.67945123,0.01988600,-0.00536800,1.00918400,-0.28289071,0.19148065,0.14710500,-1.71452750,-1.08724000,0.32461269,1.15156387,-1.77199649
1570172329.74245477,0.02000800,-0.00475800,0.99954600,0.20583118,-0.02544360,-0.13289500,-0.10452750,-0.14224000,0.32680503,1.15127156,-1.77141187
1570172329.80538893,0.01952000,-0.00585600,1.00247400,-0.07284911,-0.04974908,0.11210500,-0.31452750,-0.10724000,0.32680503,1.15127156,-1.77141187
1570172329.86817074,0.02183800,-0.00256200,1.00381600,0.11556695,-0.07594831,-0.86789500,1.29547250,0.83776000,0.32607425,1.15229465,-1.77433499
1570172329.93104362,0.02183800,-0.00585600,1.01016000,-0.06962346,-0.04469018,-0.16789500,0.66547250,-0.00224000,0.32154341,1.14907922,-1.76483484
1570172329.99390554,0.02049600,-0.00524600,1.00845200,-0.03337049,0.03804135,0.07710500,-0.17452750,-0.00224000,0.32154341,1.14907922,-1.76483484
1570172330.05696130,0.02074000,-0.00707600,1.01064800,-0.05194265,0.00600519,-0.16789500,0.21047250,0.24276000,0.32987431,1.14820228,-1.76921953
1570172330.11991978,0.02147200,-0.00500200,1.00564600,-0.01645072,-0.23479509,-0.13289500,0.10547250,0.06776000,0.32812043,1.15638702,-1.77331190
1570172330.18271065,0.02037400,-0.00549000,1.00637800,0.04696604,-0.05611307,-0.09789500,0.21047250,0.03276000,0.32812043,1.15638702,-1.77331190
1570172330.24545479,0.02025200,-0.00500200,1.00796400,0.15826583,-0.00947316,0.00710500,0.91047250,0.41776000,0.32475884,1.15083309,-1.77462730
1570172330.30881953,0.01903200,-0.00561200,1.00650000,0.12984375,-0.08645413,-0.34289500,0.70047250,0.34776000,0.32329728,1.15273312,-1.77097340
1570172330.37184262,0.01939800,-0.00829600,1.00881800,-0.20930424,0.06195999,-0.02789500,-0.10452750,0.06776000,0.32329728,1.15273312,-1.77097340
1570172330.43470097,0.02159400,-0.00524600,1.00552400,-0.03708142,-0.08073171,0.46210500,-0.34952750,-0.31724000,0.32227419,1.15609471,-1.76761181
1570172330.49752259,0.01939800,-0.00683200,1.01125800,-0.12529191,0.09217704,-0.02789500,-0.06952750,0.17276000,0.32227419,1.15609471,-1.76761181
1570172330.56041217,0.02293600,-0.00622200,1.00930600,-0.09083596,-0.10868569,0.25210500,-0.41952750,-0.14224000,0.32578194,1.15404852,-1.76410406
1570172330.62330651,0.01756800,-0.00683200,1.00552400,-0.01846744,0.18231662,0.07710500,0.21047250,0.17276000,0.32622040,1.15112540,-1.77272727
1570172330.68632841,0.02452200,-0.00719800,1.00637800,-0.22415827,0.06657701,-0.13289500,-0.24452750,-0.00224000,0.32622040,1.15112540,-1.77272727
1570172330.74905229,0.01903200,-0.00524600,1.00698800,-0.11870594,0.12582901,-0.13289500,0.10547250,0.31276000,0.32271266,1.14951768,-1.76717334
1570172330.81183720,0.02208200,-0.00414800,1.00613400,-0.09195669,-0.02956978,0.21710500,-0.24452750,-0.10724000,0.33002046,1.14761766,-1.76615025
1570172330.87470698,0.02171600,-0.00439200,1.01626000,-0.28838766,0.15274682,0.18210500,-0.34952750,-0.07224000,0.33002046,1.14761766,-1.76615025
1570172330.93760729,0.02110600,-0.00524600,1.00930600,-0.07752168,0.06248747,-0.02789500,0.03547250,-0.17724000,0.32519731,1.14776381,-1.76775797
1570172331.00051498,0.02147200,-0.00488000,1.00637800,-0.01601103,0.06614087,-0.34289500,0.63047250,0.20776000,0.32446653,1.14966384,-1.77068109
1570172331.06338382,0.02183800,-0.00463600,1.00357200,-0.00134608,-0.04828205,-0.44789500,0.91047250,0.31276000,0.32446653,1.14966384,-1.77068109
1570172331.12629962,0.02269200,-0.00622200,1.01211200,-0.08834595,-0.08577147,0.04210500,0.10547250,-0.10724000,0.32373575,1.15244081,-1.77521193
1570172331.18910432,0.02025200,-0.00463600,1.01125800,0.00009963,0.04806540,0.07710500,0.14047250,-0.07224000,0.31569716,1.15097925,-1.77272727
1570172331.25177717,0.02110600,-0.00488000,1.00711000,-0.09174549,-0.00804155,-0.02789500,0.14047250,0.03276000,0.31569716,1.15097925,-1.77272727
1570172331.31453681,0.02159400,-0.00475800,1.00406000,0.12213675,-0.04460119,-0.62289500,0.77047250,0.48776000,0.32022800,1.15112540,-1.76921953
1570172331.37769008,0.01964200,-0.00475800,1.01064800,-0.13533727,-0.10470613,-0.09789500,0.21047250,-0.52724000,0.32022800,1.15361006,-1.76717334
1570172331.44056129,0.01744600,-0.00451400,1.02516600,0.02150893,-0.26421519,0.11210500,-1.57452750,-1.08724000,0.32256650,1.15361006,-1.76717334
1570172331.50346804,0.02342400,-0.00439200,0.98795600,0.11325106,-0.53464508,-0.06289500,0.91047250,0.62776000,0.32402806,1.15156387,-1.76936568
1570172331.56656790,0.01769000,-0.00353800,1.00418200,0.05992767,0.19588715,0.39210500,-0.66452750,-0.35224000,0.32402806,1.15156387,-1.76936568
1570172331.62953544,0.02342400,-0.00500200,1.00576800,-0.02311042,-0.10126411,-0.27289500,0.21047250,0.27776000,0.32563578,1.15127156,-1.76468869
1570172331.69236326,0.01781200,-0.00463600,1.00430400,-0.00335289,0.17254071,-0.06289500,-0.06952750,-0.00224000,0.32695118,1.15536393,-1.76688103
1570172331.75514627,0.02208200,-0.00500200,1.01150200,-0.02098884,-0.05714666,-0.79789500,0.91047250,0.62776000,0.32695118,1.15536393,-1.76688103
1570172331.81811905,0.01891000,-0.00475800,1.01064800,-0.11043976,0.12278133,0.04210500,-0.03452750,-0.03724000,0.32607425,1.14878690,-1.76731950
1570172331.88111067,0.02098400,-0.00500200,1.00906200,0.10819551,-0.37260500,-0.27289500,0.35047250,-0.42224000,0.32212803,1.14776381,-1.76717334
1570172331.94390488,0.02122800,-0.00536800,1.00467000,-0.07004691,0.16115212,0.07710500,-0.13952750,-0.52724000,0.32212803,1.14776381,-1.76717334
1570172332.00692987,0.02196000,-0.00500200,1.00637800,0.15078035,-0.35583020,-0.20289500,0.70047250,0.38276000,0.32782812,1.14951768,-1.76951184
1570172332.06977415,0.02061800,-0.00475800,1.01491800,-0.13765236,0.35791107,0.11210500,0.21047250,0.13776000,0.32592809,1.15068693,-1.77170418
1570172332.13260126,0.02208200,-0.00549000,1.01138000,-0.04919590,0.15461361,0.11210500,-0.31452750,-0.10724000,0.32592809,1.15068693,-1.77170418
1570172332.19558144,0.02293600,-0.00488000,1.00698800,-0.01582956,-0.06500925,-0.44789500,0.59547250,0.41776000,0.32198188,1.15200234,-1.77228880
1570172332.25853491,0.01964200,-0.00561200,1.00698800,-0.05675100,0.07633087,0.53210500,-0.41952750,-0.38724000,0.32183572,1.15419468,-1.77243496
1570172332.32145262,0.02025200,-0.00536800,1.00723200,-0.04260492,0.04282539,-0.44789500,0.56047250,0.41776000,0.32183572,1.15419468,-1.77243496
1570172332.38430905,0.02110600,-0.00536800,1.01174600,0.02660154,-0.00544859,0.07710500,-0.06952750,-0.10724000,0.32329728,1.15448699,-1.77009646
1570172332.44727015,0.01952000,-0.00549000,1.01138000,-0.03300328,0.26572989,0.32210500,-0.17452750,0.17276000,0.32329728,1.15448699,-1.77009646
1570172332.51043010,0.02086200,-0.00561200,1.00894000,-0.09725013,0.04504566,-0.02789500,-0.24452750,-0.24724000,0.32402806,1.15083309,-1.76892721
1570172332.57508755,0.02232600,-0.00488000,1.00772000,-0.01751902,-0.08662340,-0.55289500,0.59547250,0.38276000,0.32548962,1.14981000,-1.77725811
1570172332.63949060,0.02183800,-0.00488000,1.00906200,-0.11918963,-0.04179244,-0.23789500,0.24547250,-0.03724000,0.32548962,1.14981000,-1.77725811
1570172332.70246172,0.02122800,-0.00488000,1.00930600,0.31056182,-0.11249434,-0.09789500,0.17547250,0.06776000,0.32899737,1.14747150,-1.77418883
1570172332.76544476,0.02183800,-0.00463600,1.00967200,-0.09124264,0.06981848,0.04210500,-0.41952750,-0.42224000,0.32578194,1.14674072,-1.77097340
1570172332.82842970,0.02037400,-0.00414800,1.00198600,0.02462376,0.01936694,0.14710500,-0.31452750,-0.31724000,0.32578194,1.14674072,-1.77097340
1570172332.89140081,0.02110600,-0.00500200,1.00601200,-0.02305114,-0.01066661,0.00710500,-0.13952750,-0.17724000,0.32344344,1.14747150,-1.77258112
1570172332.95437145,0.02110600,-0.00500200,1.00930600,-0.02082461,-0.00126981,0.21710500,-0.41952750,-0.07224000,0.32256650,1.14688688,-1.76878106
1570172333.01753068,0.01927600,-0.00524600,1.00942800,-0.00624375,0.10536160,0.53210500,-0.55952750,-0.42224000,0.32256650,1.14688688,-1.76878106
1570172333.08071971,0.02061800,-0.00549000,1.00955000,0.10181845,-0.35976973,-0.27289500,0.42047250,0.90776000,0.32461269,1.15273312,-1.76717334
1570172333.14365673,0.02037400,-0.00512400,1.00552400,0.14317275,-0.15528941,-0.34289500,0.35047250,0.76776000,0.31920491,1.15434084,-1.77214265
1570172333.20675111,0.02013000,-0.00585600,1.01626000,0.00042256,0.33149303,0.00710500,-0.55952750,-0.49224000,0.31920491,1.15434084,-1.77214265
1570172333.26971698,0.02037400,-0.00561200,1.01138000,-0.04228243,0.12006795,-1.07789500,1.54047250,0.94276000,0.32402806,1.15083309,-1.76863490
1570172333.33279657,0.02037400,-0.00536800,1.01113600,-0.04235157,0.07834659,-0.13289500,0.17547250,0.27776000,0.32052032,1.15463315,-1.77155802
1570172333.39583588,0.02171600,-0.00512400,1.00296200,-0.03034806,-0.04689220,-0.72789500,0.84047250,0.52276000,0.32052032,1.15463315,-1.77155802
1570172333.45880198,0.02183800,-0.00500200,1.00540200,-0.06397539,-0.04947445,0.28710500,-0.59452750,-0.35224000,0.33016662,1.15200234,-1.77316574
1570172333.52193832,0.02122800,-0.00500200,1.01089200,-0.02311947,-0.01790493,0.00710500,-0.10452750,-0.00224000,0.33016662,1.15200234,-1.77316574
1570172333.58501935,0.02159400,-0.00451400,1.01052600,-0.11404709,0.04281793,0.14710500,-0.17452750,-1.29724000,0.32695118,1.15331774,-1.77418883
1570172333.64797425,0.01964200,-0.00463600,1.00662200,-0.10356472,0.28129122,0.14710500,-0.03452750,-0.07224000,0.33031277,1.14878690,-1.77389652
1570172333.71092439,0.02074000,-0.00524600,1.01296600,-0.20048888,0.14245847,0.04210500,0.52547250,0.31276000,0.33031277,1.14878690,-1.77389652
1570172333.77394557,0.02049600,-0.00793000,1.01052600,-0.18777425,0.14683965,-0.16789500,0.14047250,0.17276000,0.32797428,1.15068693,-1.77141187
1570172333.83710599,0.02025200,-0.00500200,1.01003800,-0.02354029,0.03598970,-0.02789500,0.07047250,0.17276000,0.32607425,1.14703303,-1.77418883
1570172333.90008259,0.02232600,-0.00500200,1.00820800,-0.02122572,-0.07200032,-0.06289500,0.14047250,-0.03724000,0.32607425,1.14703303,-1.77418883
1570172333.96312404,0.02196000,-0.00414800,1.00723200,0.08106453,-0.05989784,-0.30789500,0.38547250,0.24276000,0.32709734,1.14834844,-1.76775797
1570172334.02605200,0.02049600,-0.00463600,1.00613400,0.07365685,-0.04204383,-0.23789500,0.24547250,0.31276000,0.32680503,1.15258696,-1.76673487
1570172334.08901000,0.02232600,-0.00475800,1.00601200,-0.10186023,0.29926010,0.07710500,-0.24452750,0.20776000,0.32680503,1.15258696,-1.76673487
1570172334.15557146,0.02159400,-0.00512400,1.00881800,-0.17006621,0.01901721,-0.02789500,0.00047250,0.17276000,0.32651272,1.15214849,-1.77301958
1570172334.21865010,0.02074000,-0.00475800,1.00906200,0.02582298,-0.21070673,-0.13289500,0.31547250,-0.07224000,0.32242034,1.15331774,-1.77097340
1570172334.28182149,0.02147200,-0.00402600,1.01174600,-0.15136374,0.25474229,0.18210500,-0.13952750,-0.21224000,0.32242034,1.15331774,-1.77097340
1570172334.34693003,0.02159400,-0.00561200,1.00503600,0.02520500,-0.04039275,-0.02789500,0.07047250,0.06776000,0.32592809,1.14834844,-1.77579655
1570172334.41003108,0.02122800,-0.00463600,1.00674400,-0.10687519,-0.00354426,0.18210500,-0.06952750,-0.52724000,0.32987431,1.15302543,-1.76585794
1570172334.47320485,0.02061800,-0.00427000,1.00955000,-0.16229606,0.44734190,0.00710500,0.49047250,0.59276000,0.32987431,1.15302543,-1.76585794
1570172334.53619862,0.02025200,-0.00402600,1.00625600,0.06730309,-0.01732671,-0.02789500,0.77047250,0.45276000,0.32782812,1.15171003,-1.77287343
1570172334.59927869,0.02196000,-0.00536800,1.00601200,-0.04389551,0.03100721,0.91710500,-1.08452750,-0.73724000,0.32432037,1.15200234,-1.76600409
1570172334.66228271,0.02135000,-0.00610000,1.00833000,-0.08476862,-0.03561381,-0.27289500,0.10547250,0.41776000,0.32432037,1.15200234,-1.76600409
1570172334.72527480,0.02098400,-0.00500200,1.01125800,-0.02126783,0.00376430,0.39210500,-0.55952750,-0.35224000,0.32914353,1.15434084,-1.76278866
1570172334.78839612,0.01939800,-0.00500200,1.00869600,0.00541087,0.08257791,0.49710500,-0.69952750,-0.42224000,0.32914353,1.15434084,-1.76278866
1570172334.85403395,0.01927600,-0.00634400,1.00796400,-0.09875372,-0.08457716,0.14710500,-0.10452750,-0.10724000,0.32227419,1.14703303,-1.76205788
1570172334.91712618,0.02171600,-0.00414800,1.00491400,0.02468754,-0.05006165,-0.48289500,0.45547250,0.52276000,0.32242034,1.14688688,-1.77068109
1570172334.98005414,0.01964200,-0.00536800,1.00906200,-0.00989035,0.06968526,-0.51789500,0.56047250,0.34776000,0.32242034,1.14688688,-1.77068109
1570172335.04290462,0.02110600,-0.00512400,1.01333200,0.04223618,0.00429248,0.18210500,-0.03452750,-0.07224000,0.32344344,1.14761766,-1.76658872
1570172335.10596251,0.02025200,-0.00488000,1.00979400,0.01219354,-0.27865280,-0.23789500,0.35047250,0.76776000,0.32125110,1.15287928,-1.76819643
1570172335.16894245,0.02086200,-0.00634400,1.00942800,-0.12594106,0.04878607,-0.30789500,0.21047250,0.34776000,0.32125110,1.15287928,-1.76819643
1570172335.23192072,0.02147200,-0.00451400,1.01369800,0.02737265,-0.08426974,-0.13289500,0.63047250,0.48776000,0.32475884,1.14761766,-1.77243496
1570172335.29486370,0.02049600,-0.00475800,1.00442600,0.12957945,-0.23515438,0.11210500,-0.03452750,-0.10724000,0.32212803,1.15054078,-1.77579655
1570172335.35779548,0.02098400,-0.00475800,1.01321000,-0.00723273,-0.01592413,-0.27289500,0.14047250,0.17276000,0.32212803,1.15054078,-1.77579655
1570172335.42069054,0.02086200,-0.00524600,1.00881800,-0.03651198,0.00495101,0.07710500,-0.06952750,-0.17724000,0.32870506,1.14790997,-1.77638118
1570172335.48366952,0.02110600,-0.00475800,1.00467000,-0.01001444,-0.01446835,-0.41289500,0.70047250,0.38276000,0.32446653,1.15039462,-1.76892721
1570172335.54660559,0.02232600,-0.00488000,1.00369400,0.04694177,-0.07704825,0.07710500,-0.03452750,-0.07224000,0.32446653,1.15039462,-1.76892721
1570172335.60943580,0.02122800,-0.00512400,1.00967200,0.08859979,-0.01411415,-0.34289500,0.56047250,0.31276000,0.32402806,1.14776381,-1.77199649
1570172335.67274404,0.02074000,-0.00488000,1.01040400,0.05975029,-0.07671480,-0.02789500,-0.27952750,-0.14224000,0.32534347,1.14834844,-1.76819643
1570172335.74243021,0.02000800,-0.00536800,1.00711000,-0.04497606,0.04782354,-0.16789500,0.28047250,0.20776000,0.32534347,1.14834844,-1.76819643
1570172335.80686617,0.02220400,-0.00451400,1.00686600,-0.16914321,0.03046061,0.14710500,-0.24452750,0.06776000,0.32709734,1.14688688,-1.76936568
1570172335.86981988,0.02049600,-0.00500200,1.00686600,0.18557630,0.17299373,0.18210500,-0.80452750,-0.52724000,0.32914353,1.14498685,-1.76410406
1570172335.93275976,0.02122800,-0.00439200,1.01382000,-0.04154098,0.02615607,0.00710500,-0.45452750,-0.38724000,0.32914353,1.14498685,-1.76410406
1570172335.99568367,0.02037400,-0.00475800,1.00491400,-0.00946179,0.07145479,0.00710500,0.07047250,0.13776000,0.32548962,1.14571763,-1.76819643
1570172336.05850315,0.02000800,-0.00451400,1.00808600,0.00525403,0.10270144,0.11210500,-0.24452750,-0.03724000,0.32548962,1.14571763,-1.76819643
1570172336.12139654,0.02159400,-0.00500200,1.00808600,-0.02429648,-0.04383708,-0.27289500,0.38547250,0.27776000,0.32548962,1.14630225,-1.77185034
1570172336.18446183,0.02147200,-0.00488000,1.00881800,-0.01654093,-0.03343272,0.18210500,-0.27952750,-0.14224000,0.32475884,1.14586378,-1.77784274
1570172336.24755001,0.02074000,-0.00463600,1.00857400,-0.00330572,0.00527868,0.11210500,-0.06952750,-0.03724000,0.32475884,1.14586378,-1.77784274
1570172336.31052494,0.02122800,-0.00378200,1.00869600,0.10317700,0.06722590,0.00710500,0.10547250,0.38276000,0.32680503,1.15097925,-1.76235019
1570172336.37349081,0.02220400,-0.00549000,1.00308400,-0.04502867,0.20104996,0.00710500,-0.38452750,-0.49224000,0.32943584,1.15477930,-1.76907337
1570172336.43651509,0.01927600,-0.00451400,1.00308400,0.01791682,0.01368427,0.04210500,-0.52452750,-0.28224000,0.32943584,1.15477930,-1.76907337
1570172336.49947643,0.02147200,-0.00475800,1.00418200,-0.00961530,-0.33287653,0.00710500,0.28047250,0.13776000,0.32958199,1.14893306,-1.76731950
1570172336.56243038,0.02232600,-0.00573400,1.00845200,-0.06393854,-0.02853983,0.63710500,-0.80452750,-0.31724000,0.32212803,1.15594855,-1.76936568
1570172336.62537050,0.02147200,-0.00622200,1.00881800,-0.09033743,-0.02398058,0.14710500,0.03547250,-0.14224000,0.32212803,1.15594855,-1.76936568
1570172336.68830490,0.02061800,-0.00451400,1.00772000,0.00615807,0.02362299,0.53210500,-0.48952750,-0.45724000,0.32607425,1.14849459,-1.77024262
1570172336.75117588,0.02074000,-0.00500200,1.00759800,-0.24686202,0.02266788,0.28710500,-0.20952750,-0.24724000,0.33045893,1.14834844,-1.77082724
1570172336.81411290,0.02232600,-0.00463600,1.00735400,-0.22722908,0.33716174,0.04210500,-0.10452750,0.27776000,0.33045893,1.14834844,-1.77082724
1570172336.87724829,0.01830000,-0.00451400,1.01064800,0.07336060,-0.06492508,0.00710500,0.14047250,0.17276000,0.32358959,1.14717919,-1.76615025
1570172336.94017005,0.02049600,-0.00427000,1.00784200,-0.09884416,0.31045369,0.14710500,-0.76952750,-0.35224000,0.32622040,1.14630225,-1.77024262
1570172337.00307584,0.01793400,-0.00549000,0.99625200,-0.04687487,-0.09957706,0.28710500,-0.52452750,-0.35224000,0.32622040,1.14630225,-1.77024262
1570172337.06592250,0.01988600,-0.00646600,1.00955000,-0.10514628,0.20811432,-0.06289500,0.00047250,0.03276000,0.32373575,1.14264835,-1.76176557
1570172337.12882471,0.02098400,-0.00585600,1.01199000,-0.06970418,-0.03808411,0.70710500,-0.83952750,-0.56224000,0.32373575,1.14264835,-1.76176557
1570172337.19170761,0.02110600,-0.00475800,1.00784200,-0.00827411,-0.00674681,0.70710500,-0.87452750,-0.52724000,0.32709734,1.15156387,-1.77272727
1570172337.25454164,0.02098400,-0.00439200,1.00479200,-0.05593640,0.00319556,0.14710500,-0.24452750,-0.14224000,0.32709734,1.14966384,-1.77185034
1570172337.31762576,0.02000800,-0.00463600,1.00747600,-0.20170366,0.05667871,0.39210500,-0.41952750,-0.17724000,0.32709734,1.14966384,-1.77185034
1570172337.38059139,0.01988600,-0.00536800,1.00735400,-0.03710157,-0.21291013,-0.37789500,0.31547250,0.17276000,0.32870506,1.14864075,-1.76147325
1570172337.44342470,0.02208200,-0.00488000,1.01016000,-0.28082100,0.31892161,0.18210500,-0.24452750,-0.63224000,0.32812043,1.14981000,-1.76995031
1570172337.50655866,0.01927600,-0.00488000,1.01272200,-0.15920053,0.17669927,0.11210500,-0.38452750,-0.38724000,0.32812043,1.14981000,-1.76995031
1570172337.56943536,0.02196000,-0.00475800,1.00418200,-0.10013623,0.10543983,-0.30789500,0.28047250,0.27776000,0.32855890,1.14600994,-1.77608886
1570172337.63235092,0.01976400,-0.00414800,1.00650000,0.02570182,-0.14197690,-0.72789500,0.91047250,0.59276000,0.32841274,1.14878690,-1.77316574
1570172337.69524002,0.01927600,-0.00451400,1.01260000,0.00883463,0.11106026,0.07710500,0.03547250,0.03276000,0.32841274,1.14878690,-1.77316574
1570172337.75807095,0.02208200,-0.00597800,1.01211200,-0.07767037,-0.06272392,-0.69289500,0.80547250,0.52276000,0.33118971,1.14513300,-1.77170418
1570172337.82106280,0.02110600,-0.00488000,1.00808600,0.02660154,-0.00544859,0.00710500,0.03547250,-0.14224000,0.32534347,1.14717919,-1.77155802
1570172337.88401318,0.02000800,-0.00500200,1.00772000,-0.18857603,0.05489326,0.00710500,-0.17452750,-0.00224000,0.32534347,1.14717919,-1.77155802
1570172337.94703555,0.02110600,-0.00475800,1.00540200,-0.28857342,0.08359290,0.28710500,-0.34952750,-0.80724000,0.33411283,1.14615609,-1.77258112
1570172338.00991988,0.02342400,-0.00512400,1.01077000,-0.00760345,0.13439245,-0.09789500,0.66547250,0.34776000,0.33411283,1.14615609,-1.77258112
1570172338.07281280,0.01952000,-0.00500200,1.01369800,-0.16568491,0.14321066,0.25210500,-0.94452750,-0.77224000,0.32490500,1.14732534,-1.76205788
1570172338.13580728,0.02086200,-0.00353800,1.00833000,0.06078471,-0.17420362,-0.58789500,0.73547250,0.38276000,0.32607425,1.14703303,-1.76015785
1570172338.19873452,0.02208200,-0.00512400,1.00576800,-0.03005687,-0.11515599,0.77710500,-0.87452750,-0.66724000,0.32607425,1.14703303,-1.76015785
1570172338.26164865,0.02098400,-0.00463600,1.00796400,-0.00081148,0.00261671,0.14710500,-0.13952750,-0.21224000,0.32782812,1.15229465,-1.75928091
1570172338.32454443,0.02171600,-0.00500200,1.00955000,-0.02102508,-0.03660998,0.14710500,-0.31452750,-0.14224000,0.32958199,1.15229465,-1.77082724
1570172338.38759613,0.02147200,-0.00573400,1.01028200,0.20621774,-0.03092384,-0.37789500,0.21047250,0.06776000,0.32958199,1.15229465,-1.77082724
1570172338.45046520,0.02000800,-0.00427000,1.00772000,0.00362379,0.17254014,0.21710500,-0.10452750,-0.49224000,0.32680503,1.14907922,-1.76907337
1570172338.51339722,0.02110600,-0.00488000,1.00467000,-0.14737055,0.17871987,0.18210500,-0.34952750,-0.80724000,0.32797428,1.15024847,-1.76688103
1570172338.57650065,0.02122800,-0.00463600,1.00686600,0.19236147,-0.21782563,-0.09789500,0.80547250,0.52276000,0.32797428,1.15024847,-1.76688103
1570172338.63948131,0.02122800,-0.00549000,1.01528400,-0.08927382,-0.06850198,-1.07789500,1.40047250,0.94276000,0.32928968,1.14323297,-1.76936568
1570172338.70234442,0.02013000,-0.00317200,1.00564600,0.08108502,-0.03890347,0.56710500,-0.90952750,-0.66724000,0.32607425,1.14513300,-1.76658872
1570172338.76524282,0.02183800,-0.00500200,1.00686600,-0.02225490,-0.04887928,-0.79789500,0.87547250,0.66276000,0.32607425,1.14513300,-1.76658872
1570172338.82816744,0.02147200,-0.00463600,1.00637800,-0.00005120,-0.02150683,-0.79789500,0.77047250,0.45276000,0.32826659,1.14951768,-1.77097340
1570172338.89111304,0.02049600,-0.00475800,1.00796400,-0.00065586,0.03095012,-0.13289500,0.31547250,0.24276000,0.32826659,1.14615609,-1.76351944
1570172338.95396066,0.02098400,-0.00427000,1.00942800,-0.26060537,0.00892687,0.35710500,-0.31452750,-0.42224000,0.32563578,1.14615609,-1.76351944
1570172339.01699567,0.02061800,-0.00475800,1.00869600,0.16480933,-0.15937311,0.00710500,0.21047250,-0.10724000,0.32841274,1.14527916,-1.76512716
1570172339.07987976,0.02037400,-0.00524600,1.00784200,-0.04245408,0.40989067,0.04210500,-0.03452750,-0.03724000,0.32841274,1.14527916,-1.76512716
1570172339.14602923,0.02208200,-0.00561200,1.00698800,-0.05237142,0.08118893,-0.06289500,0.00047250,0.03276000,0.32812043,1.14922537,-1.76541947
1570172339.21034360,0.02232600,-0.00512400,1.00857400,0.01924788,-0.02840111,-0.76289500,0.91047250,0.55776000,0.32417422,1.15229465,-1.77053493
1570172339.27352428,0.02159400,-0.00512400,1.01394200,-0.02770636,-0.09773816,0.77710500,-0.87452750,-0.84224000,0.32417422,1.15229465,-1.77053493
1570172339.33675313,0.01988600,-0.00512400,1.00515800,-0.03142659,0.05326917,-0.13289500,0.24547250,0.20776000,0.32592809,1.14688688,-1.77272727
1570172339.39985490,0.02220400,-0.00549000,1.00576800,0.08128436,-0.07226200,0.07710500,-0.06952750,-0.10724000,0.32826659,1.15185618,-1.76541947
1570172339.46286607,0.02049600,-0.00475800,1.01150200,-0.27666162,0.30070324,0.14710500,-0.17452750,-0.10724000,0.32826659,1.15185618,-1.76541947
1570172339.52595091,0.02025200,-0.00536800,1.00784200,-0.00764815,0.28621525,0.18210500,-0.27952750,-0.14224000,0.32285881,1.14294066,-1.76761181
1570172339.58899307,0.02086200,-0.00488000,1.01650400,-0.15075613,0.15297508,0.18210500,-1.01452750,-0.59724000,0.32768196,1.15054078,-1.76790412
1570172339.65184665,0.02061800,-0.00463600,1.00735400,-0.13368193,0.08805300,-0.13289500,-0.10452750,0.03276000,0.32768196,1.15054078,-1.76790412
1570172339.71489453,0.02196000,-0.00427000,1.00650000,0.01875092,-0.05868002,0.46210500,-0.69952750,-0.31724000,0.32928968,1.15024847,-1.76541947
1570172339.77798128,0.02135000,-0.00524600,1.01052600,-0.03294187,-0.00826907,0.32210500,-0.20952750,-0.03724000,0.32709734,1.15010231,-1.76439638
1570172339.84098554,0.02147200,-0.00451400,1.01077000,0.00492415,-0.03061603,-0.02789500,0.10547250,0.06776000,0.32709734,1.15010231,-1.76439638
1570172339.90400171,0.02135000,-0.00536800,1.00955000,-0.35897878,-0.01586658,0.42710500,-0.48952750,-0.38724000,0.32782812,1.14367144,-1.77185034
1570172339.96706080,0.02281400,-0.00488000,1.00430400,-0.27768414,0.18834235,-0.13289500,-0.06952750,0.55776000,0.32680503,1.15375621,-1.76556562
1570172340.03003144,0.02183800,-0.00488000,1.00637800,0.32432225,-0.35207401,-0.23789500,0.87547250,0.45276000,0.32680503,1.15375621,-1.76556562
1570172340.09299827,0.02074000,-0.00512400,1.00796400,-0.15424994,0.14418110,0.11210500,0.28047250,0.17276000,0.33045893,1.15010231,-1.76658872
1570172340.15585637,0.02135000,-0.00402600,1.00906200,0.03323209,-0.20090402,-0.86789500,0.77047250,0.59276000,0.33045893,1.15010231,-1.76658872
1570172340.21882081,0.02098400,-0.00622200,1.00991600,-0.09115738,0.07008933,0.25210500,-0.41952750,-0.28224000,0.32724350,1.15667933,-1.77360421
1570172340.28183889,0.02135000,-0.00536800,1.01016000,-0.04201145,-0.01708403,-0.41289500,0.52547250,0.38276000,0.33060509,1.15317159,-1.76819643
1570172340.34468794,0.02330200,-0.00427000,1.00613400,0.01881706,-0.13471378,-0.30789500,0.45547250,0.17276000,0.33060509,1.15317159,-1.76819643
1570172340.40765500,0.02135000,-0.00390400,1.00808600,0.01951086,-0.02015529,-0.41289500,0.49047250,0.41776000,0.33089740,1.15375621,-1.76805028
1570172340.47049379,0.01891000,-0.00597800,1.01186800,-0.05434905,0.12597855,0.49710500,-0.45452750,-0.24724000,0.32885121,1.15375621,-1.77389652
1570172340.53344488,0.02159400,-0.00463600,1.00735400,0.19182315,-0.06085164,-0.30789500,0.35047250,-0.24724000,0.32885121,1.15375621,-1.77389652
1570172340.59657550,0.02013000,-0.00488000,1.00857400,-0.02922679,-0.26390707,0.07710500,-0.80452750,-0.38724000,0.32724350,1.14907922,-1.77316574
1570172340.65940738,0.02183800,0.02671800,1.00662200,0.37977705,-0.24592428,0.11210500,0.91047250,0.55776000,0.32563578,1.15419468,-1.76819643
1570172340.72230482,0.01939800,-0.00463600,1.01077000,-0.00097931,0.10559169,-0.86789500,1.01547250,0.80276000,0.32563578,1.15419468,-1.76819643
1570172340.78519177,0.02269200,-0.00549000,1.01064800,-0.04940808,0.02941484,-1.00789500,1.15547250,0.83776000,0.32402806,1.14542531,-1.76527331
1570172340.84883118,0.02074000,-0.00549000,1.00601200,-0.16747423,0.01418314,0.39210500,-0.31452750,-0.31724000,0.32987431,1.15039462,-1.76571178
1570172340.91175079,0.02122800,-0.00439200,1.00564600,0.03174189,-0.02173436,-0.06289500,0.07047250,-0.00224000,0.32987431,1.15039462,-1.76571178
1570172340.97465324,0.02074000,-0.00524600,1.00833000,-0.03293719,0.32077214,0.14710500,-0.06952750,0.59276000,0.32724350,1.14644841,-1.76658872
1570172341.03766394,0.02220400,-0.00341600,1.01150200,-0.18101067,0.33968635,0.14710500,-0.69952750,-0.52724000,0.32724350,1.15141771,-1.77375037
1570172341.10084057,0.02049600,-0.00500200,1.00625600,0.05343361,-0.26032466,-0.06289500,1.47047250,0.94276000,0.32607425,1.15141771,-1.77375037
1570172341.16379571,0.02183800,-0.00707600,1.00601200,-0.14113269,-0.07315604,0.81210500,-1.15452750,-0.66724000,0.32826659,1.15171003,-1.76585794
1570172341.22683239,0.02098400,-0.00561200,1.00637800,-0.05765871,-0.08659249,0.46210500,-0.48952750,-0.38724000,0.32826659,1.15171003,-1.76585794
1570172341.28971434,0.01976400,-0.00561200,1.00881800,-0.05407889,0.07881746,0.18210500,-0.34952750,-0.21224000,0.32198188,1.15083309,-1.76074247
1570172341.35260510,0.02122800,-0.00488000,1.01016000,-0.01290754,-0.00370581,0.21710500,-0.31452750,-0.21224000,0.31993569,1.15156387,-1.77009646
1570172341.41556764,0.02171600,-0.00500200,1.00564600,0.06619118,-0.05218336,-0.41289500,0.59547250,0.45276000,0.31993569,1.15156387,-1.77009646
1570172341.47865748,0.02232600,-0.00414800,1.00491400,-0.10225929,-0.01771555,0.00710500,-0.13952750,0.45276000,0.32651272,1.14747150,-1.77228880
1570172341.54155612,0.02244800,-0.00463600,0.97453600,-0.03955690,-0.16837178,-0.06289500,0.21047250,0.24276000,0.32548962,1.14864075,-1.77258112
1570172341.60450125,0.02196000,-0.00402600,1.00637800,-0.02294467,-0.03799995,-0.09789500,1.05047250,0.76776000,0.32548962,1.14864075,-1.77258112
1570172341.66751409,0.02000800,-0.00622200,1.00845200,-0.03623412,0.11002913,0.35710500,-0.27952750,-0.28224000,0.32709734,1.14937153,-1.77345805
1570172341.73055220,0.01976400,-0.00597800,1.00674400,-0.07836747,-0.07918574,0.11210500,0.00047250,0.06776000,0.32563578,1.14893306,-1.76878106
1570172341.79352236,0.02183800,-0.00463600,1.00637800,-0.00214319,-0.05203771,-0.20289500,0.21047250,0.03276000,0.32563578,1.14893306,-1.76878106
1570172341.85653806,0.02220400,-0.00451400,1.00467000,0.00508365,-0.07149075,-0.13289500,0.24547250,0.10276000,0.33221280,1.14849459,-1.77185034
1570172341.91957211,0.01842200,-0.00402600,1.00759800,0.19909598,0.13970069,-0.55289500,0.70047250,0.45276000,0.32724350,1.14542531,-1.76892721
1570172341.98258162,0.02281400,-0.00500200,1.00894000,-0.16473488,-0.03334807,0.35710500,-0.45452750,0.34776000,0.32724350,1.14542531,-1.76892721
1570172342.04545093,0.01988600,-0.00402600,1.00637800,-0.06938150,-0.06448911,0.25210500,-0.03452750,-0.94724000,0.32651272,1.14995615,-1.76278866
1570172342.10837269,0.02159400,-0.00463600,1.00174200,0.27571548,-0.34357709,-0.06289500,1.15547250,0.59276000,0.32651272,1.14995615,-1.76278866
1570172342.17124844,0.02232600,-0.00561200,1.00955000,-0.02897275,-0.03413835,-1.21789500,1.43547250,1.04776000,0.32636656,1.14937153,-1.77199649
1570172342.23420358,0.02232600,-0.00512400,1.01186800,-0.02832045,0.09986640,0.56710500,-0.24452750,-0.38724000,0.32680503,1.14717919,-1.77623502
1570172342.29731727,0.01988600,-0.00475800,1.00857400,-0.00916459,0.05878548,-0.27289500,0.42047250,0.24276000,0.32680503,1.14717919,-1.77623502
1570172342.36051106,0.02061800,-0.00524600,1.00540200,-0.00282330,0.01440160,0.14710500,-0.27952750,-0.07224000,0.32695118,1.14250219,-1.76761181
1570172342.42346835,0.02074000,-0.00463600,1.00589000,0.08712044,0.00353649,-0.37789500,0.31547250,0.20776000,0.32212803,1.15083309,-1.76337328
1570172342.48661113,0.02025200,-0.00536800,1.00906200,0.01069240,-0.43400780,-0.06289500,0.21047250,-0.10724000,0.32212803,1.15083309,-1.76337328
1570172342.54950571,0.02135000,-0.00585600,1.01003800,-0.20815386,0.36882379,0.18210500,-1.88952750,-1.01724000,0.33060509,1.15361006,-1.76644256
1570172342.61242580,0.02049600,-0.00488000,0.99661800,-0.05378672,0.01306474,0.04210500,0.49047250,0.27776000,0.32227419,1.14878690,-1.76337328
1570172342.67533493,0.01988600,-0.00427000,1.01638200,0.02110187,0.07720848,0.32210500,-0.38452750,-0.38724000,0.32227419,1.14878690,-1.76337328
1570172342.73830032,0.02135000,-0.00597800,1.00698800,-0.07829224,-0.02337250,-0.02789500,0.10547250,0.17276000,0.32797428,1.15229465,-1.77331190
1570172342.80124784,0.02110600,-0.00463600,1.00662200,0.00051219,0.00173272,0.70710500,-0.80452750,-0.73724000,0.32753581,1.14805612,-1.77375037
1570172342.86413813,0.02110600,-0.00414800,1.01125800,0.02617504,-0.00761918,0.11210500,-0.34952750,-0.17724000,0.32753581,1.14805612,-1.77375037
1570172342.92719579,0.02074000,-0.00427000,1.00674400,-0.17503037,0.01247526,0.35710500,-0.31452750,-0.21224000,0.32870506,1.14206372,-1.76995031
1570172342.99014163,0.02403400,-0.00439200,1.00540200,-0.15755931,0.22671817,-0.02789500,0.14047250,0.80276000,0.32987431,1.14659456,-1.76746565
1570172343.05317020,0.02232600,-0.00512400,1.00637800,-0.15209310,0.12201495,0.07710500,0.31547250,-0.07224000,0.32987431,1.14659456,-1.76746565
1570172343.11730289,0.02110600,-0.00573400,1.00820800,-0.06402065,-0.00111495,-0.02789500,-0.10452750,0.31276000,0.32490500,1.14323297,-1.76863490
1570172343.18533993,0.02147200,-0.00427000,1.00686600,0.01803969,-0.03447788,-0.30789500,0.42047250,0.31276000,0.32768196,1.15010231,-1.76176557
1570172343.24850011,0.02061800,-0.00427000,1.00906200,0.04615184,0.01568299,-0.23789500,0.24547250,0.13776000,0.32768196,1.15010231,-1.76176557
1570172343.31150198,0.02159400,-0.00353800,1.00564600,-0.26657394,0.28545202,0.46210500,-0.52452750,-0.91224000,0.32344344,1.14644841,-1.77228880
1570172343.37447858,0.02135000,-0.00561200,1.00711000,0.00481092,0.19806240,0.35710500,-0.31452750,-1.19224000,0.32344344,1.14644841,-1.77228880
1570172343.43757820,0.02013000,-0.00427000,1.00601200,0.28954679,-0.42732564,0.04210500,0.38547250,0.17276000,0.32607425,1.14951768,-1.75942707
1570172343.50057960,0.02061800,-0.00353800,1.00540200,0.00458350,-0.05309407,-1.18289500,1.54047250,0.90776000,0.32797428,1.15580240,-1.76834259
1570172343.56360531,0.02122800,-0.00439200,1.00430400,0.01126484,-0.09619463,-0.37789500,0.52547250,0.24276000,0.32797428,1.15580240,-1.76834259
1570172343.62671542,0.02330200,-0.00549000,1.00637800,-0.04756071,-0.12182258,0.60210500,-0.80452750,-0.49224000,0.32373575,1.15054078,-1.76790412
1570172343.68969750,0.02037400,-0.00561200,1.00979400,-0.16945699,0.02961528,0.00710500,0.14047250,0.10276000,0.32490500,1.14776381,-1.76541947
1570172343.75253510,0.02013000,-0.00500200,1.01016000,0.32418097,0.04682476,0.28710500,-0.24452750,-0.24724000,0.32490500,1.14776381,-1.76541947
1570172343.81553793,0.02183800,-0.00524600,1.00723200,-0.05322000,0.17087509,0.25210500,-0.34952750,-0.77224000,0.32768196,1.14834844,-1.76454253
1570172343.87869239,0.02098400,-0.00475800,1.00515800,-0.16652279,0.24478891,0.14710500,0.59547250,0.24276000,0.31935107,1.14951768,-1.77111956
1570172343.94148993,0.02110600,-0.00500200,1.00003400,-0.06666915,-0.11565314,-0.06289500,0.07047250,0.03276000,0.31935107,1.14951768,-1.77111956
1570172344.00445104,0.01891000,-0.00463600,1.00906200,-0.04298922,0.20763272,-1.04289500,1.26047250,0.90776000,0.32227419,1.15054078,-1.77111956
1570172344.06747603,0.02074000,-0.00463600,1.00833000,-0.00161054,0.05445781,-0.16789500,0.24547250,0.03276000,0.32505115,1.15039462,-1.76395791
1570172344.13050914,0.02171600,-0.00451400,1.00662200,0.00411408,-0.04840040,0.04210500,-0.13952750,0.06776000,0.32505115,1.15039462,-1.76395791
1570172344.19347501,0.02086200,-0.00463600,1.00418200,-0.15372766,0.00697321,0.46210500,-0.66452750,-0.42224000,0.32227419,1.14864075,-1.76936568
1570172344.25652051,0.02159400,-0.00536800,1.00784200,-0.05277875,-0.04609374,-0.23789500,0.24547250,0.31276000,0.32227419,1.14864075,-1.76761181
1570172344.31960201,0.02025200,-0.00463600,1.01028200,0.02139313,0.04421147,0.21710500,-0.06952750,0.20776000,0.31964338,1.15244081,-1.76761181
1570172344.38265586,0.02061800,-0.00524600,1.00674400,-0.10823485,-0.11437361,-0.02789500,0.07047250,-0.00224000,0.32227419,1.15390237,-1.76410406
1570172344.44555926,0.02000800,-0.00475800,1.00833000,0.03307108,-0.25041050,-0.02789500,0.63047250,0.62776000,0.32227419,1.15390237,-1.76410406
1570172344.50848866,0.02049600,-0.00329400,1.00540200,0.07408841,-0.01140401,0.07710500,-0.06952750,-0.14224000,0.32636656,1.15302543,-1.76761181
1570172344.57129025,0.02110600,-0.00573400,1.00845200,-0.06394186,-0.00082655,0.63710500,-0.80452750,-0.49224000,0.32665887,1.14937153,-1.77345805
1570172344.63427186,0.01988600,-0.00512400,1.00918400,-0.02727202,0.06939577,0.60210500,-0.73452750,-0.45724000,0.32665887,1.14937153,-1.77345805
1570172344.69737029,0.02086200,-0.00488000,1.00845200,0.07691251,0.02039062,0.42710500,-0.48952750,-0.31724000,0.32563578,1.14849459,-1.76498100
1570172344.76039863,0.01976400,-0.00451400,1.00552400,-0.08612792,0.06396252,0.60210500,-0.59452750,-0.42224000,0.32534347,1.14907922,-1.77053493
1570172344.82346630,0.02183800,-0.00512400,1.00589000,-0.04437256,-0.01951760,-0.27289500,0.28047250,-0.07224000,0.32534347,1.14907922,-1.77053493
1570172344.88665342,0.02013000,-0.00536800,1.00747600,-0.16832473,0.14367596,-0.02789500,1.19047250,0.87276000,0.32183572,1.14688688,-1.76629640
1570172344.94954062,0.02037400,-0.00549000,1.01491800,-0.10319025,0.07561477,0.46210500,-0.76952750,-0.49224000,0.32753581,1.14820228,-1.76688103
1570172345.01251650,0.01988600,-0.00402600,1.00259600,0.03175441,-0.16110301,-0.44789500,0.52547250,0.45276000,0.32753581,1.14820228,-1.76688103
1570172345.07543540,0.02183800,-0.00439200,1.00369400,0.01110997,-0.06913338,-0.83289500,1.22547250,0.73276000,0.32125110,1.14688688,-1.76717334
1570172345.13834953,0.02257000,-0.00475800,1.00674400,-0.00587291,-0.07846180,0.00710500,0.07047250,-0.07224000,0.32168956,1.14790997,-1.77082724
1570172345.20134830,0.02000800,-0.00500200,1.00955000,-0.03454444,0.06102292,0.39210500,-0.31452750,-0.45724000,0.32168956,1.14790997,-1.77082724
1570172345.26424980,0.02220400,-0.00488000,1.00601200,-0.13128035,-0.06387609,0.21710500,-0.38452750,-0.24724000,0.32183572,1.14761766,-1.76805028
1570172345.32737899,0.02061800,-0.00475800,1.00515800,0.06671837,-0.10457221,0.00710500,0.07047250,0.24276000,0.32183572,1.14761766,-1.76805028
1570172345.39054513,0.02037400,-0.00475800,0.99088400,0.00790041,-0.35332248,-0.13289500,0.31547250,0.20776000,0.32081263,1.15127156,-1.76629640
1570172345.45348358,0.02049600,-0.00488000,1.00418200,0.01121443,0.12630392,-0.97289500,1.19047250,0.87276000,0.32534347,1.15609471,-1.76819643
1570172345.51664901,0.02061800,-0.00500200,1.00979400,-0.02199319,0.07686596,1.12710500,-1.25952750,-0.87724000,0.32534347,1.15609471,-1.76819643
1570172345.57967758,0.02061800,-0.00488000,1.00967200,-0.01440003,0.02432835,0.84710500,-1.04952750,-0.66724000,0.32110494,1.14878690,-1.76936568
1570172345.64254546,0.02159400,-0.00427000,1.00613400,0.01789216,-0.04218926,0.49710500,-0.66452750,-0.45724000,0.32095878,1.15127156,-1.76191172
1570172345.70557261,0.02208200,-0.00475800,1.00223000,0.11447513,-0.07839753,-0.23789500,0.31547250,0.27776000,0.32095878,1.15127156,-1.76191172
1570172345.76850700,0.02013000,-0.00427000,1.00808600,-0.02047779,0.29625242,0.18210500,-0.34952750,0.17276000,0.32183572,1.14337913,-1.76731950
1570172345.83148003,0.02037400,-0.00512400,1.00930600,-0.09709618,-0.13393384,-0.16789500,0.31547250,0.41776000,0.32256650,1.14688688,-1.76629640
1570172345.89442468,0.02013000,-0.00475800,1.00930600,-0.11218249,0.44328999,0.07710500,-0.94452750,-0.63224000,0.32256650,1.14688688,-1.76629640
1570172345.95752525,0.02013000,-0.00341600,0.99832600,0.06577935,-0.27884785,-0.09789500,-0.06952750,-0.00224000,0.32738965,1.14557147,-1.77258112
1570172346.02055550,0.02269200,-0.00524600,1.00784200,-0.04595013,0.11056157,0.84710500,-1.08452750,-0.59724000,0.32446653,1.15141771,-1.77418883
1570172346.08368015,0.02122800,-0.00439200,1.00784200,0.01294939,-0.01149135,0.53210500,-0.55952750,-0.45724000,0.32446653,1.15141771,-1.77418883
1570172346.14679456,0.01939800,-0.00475800,1.00894000,0.26176463,0.08265786,0.00710500,-0.17452750,0.03276000,0.32519731,1.15054078,-1.76819643
1570172346.21122861,0.01988600,-0.00500200,1.01003800,0.00575255,0.07021463,0.74210500,-0.87452750,-0.77224000,0.32519731,1.14498685,-1.76308097
1570172346.27571344,0.02098400,-0.00451400,1.00479200,0.00578969,0.00118102,0.11210500,-0.06952750,-0.10724000,0.32519731,1.14498685,-1.76308097
1570172346.33880234,0.02147200,-0.00500200,1.00650000,0.06866136,-0.02268029,0.07710500,-0.31452750,-0.07224000,0.32168956,1.15156387,-1.76439638
1570172346.40171766,0.02110600,-0.00390400,1.01125800,0.02430123,0.07365769,-0.02789500,-0.06952750,0.03276000,0.32168956,1.15156387,-1.76439638
1570172346.46463490,0.02061800,-0.00561200,1.00967200,-0.05150591,-0.13857198,0.18210500,-0.24452750,-0.98224000,0.32271266,1.14878690,-1.76308097
1570172346.52783537,0.01988600,-0.00524600,1.00601200,-0.14116852,0.18382369,-0.02789500,0.98047250,0.80276000,0.32446653,1.14659456,-1.76995031
1570172346.59084606,0.01939800,-0.00500200,1.00576800,-0.19686392,0.25306442,-0.37789500,0.49047250,0.31276000,0.32446653,1.14659456,-1.76995031
1570172346.65371680,0.02122800,-0.00427000,1.01260000,0.02020336,0.07304892,0.00710500,-0.17452750,-0.14224000,0.32227419,1.14644841,-1.76278866
1570172346.71677113,0.02086200,-0.00512400,1.00747600,-0.02936400,0.00581127,0.46210500,-0.66452750,-0.52724000,0.32578194,1.14966384,-1.76615025
1570172346.77994657,0.02000800,-0.00536800,1.00833000,-0.18218471,0.05351662,0.42710500,-0.62952750,-0.35224000,0.32578194,1.14966384,-1.76615025
1570172346.84548998,0.02086200,-0.00463600,1.00906200,-0.00142267,0.08990518,-0.06289500,0.07047250,0.03276000,0.32300497,1.14337913,-1.76468869
1570172346.90851712,0.02305800,-0.00439200,1.00345000,0.01105736,-0.15298837,0.28710500,-0.38452750,-0.38724000,0.32607425,1.14147910,-1.77565039
1570172346.97142577,0.02086200,-0.00463600,1.00881800,-0.00043276,0.01123263,0.46210500,-0.55952750,-0.24724000,0.32607425,1.14147910,-1.77565039
1570172347.03438210,0.02135000,-0.00500200,1.01064800,-0.02232652,-0.02146959,-0.13289500,0.17547250,0.10276000,0.32548962,1.14820228,-1.76746565
1570172347.09736872,0.02049600,-0.00536800,1.00711000,0.14943015,0.01160556,-0.06289500,0.28047250,0.20776000,0.32592809,1.15127156,-1.77141187
1570172347.16030908,0.02269200,-0.00512400,1.00381600,0.34518989,-0.47754032,-0.30789500,0.28047250,0.55776000,0.32592809,1.15127156,-1.77141187
1570172347.22329426,0.02183800,-0.00439200,1.00747600,-0.05930035,0.36059429,-0.20289500,0.45547250,0.45276000,0.32344344,1.14907922,-1.77068109
1570172347.28640485,0.02049600,-0.00512400,1.00833000,-0.12636023,0.02675434,0.04210500,0.84047250,0.48776000,0.32125110,1.15112540,-1.77141187
1570172347.34935737,0.02122800,-0.00597800,1.01150200,-0.07678618,0.07184505,-0.83289500,1.12047250,0.73276000,0.32125110,1.15112540,-1.77141187
1570172347.41230392,0.02135000,-0.00610000,1.01016000,-0.09516949,-0.08672166,-0.76289500,0.73547250,0.62776000,0.32505115,1.14878690,-1.77155802
1570172347.47554803,0.02159400,-0.00536800,1.00552400,-0.04500331,-0.04293312,0.32210500,-0.55952750,-0.24724000,0.32505115,1.14878690,-1.77155802
1570172347.53837276,0.02232600,-0.00488000,1.00552400,-0.26374178,-0.07424908,0.07710500,-0.17452750,-0.07224000,0.32037416,1.15039462,-1.77667349
1570172347.60122561,0.02098400,-0.00500200,1.00796400,-0.13033960,-0.01319925,0.18210500,-0.24452750,-0.17724000,0.32534347,1.14615609,-1.76834259
1570172347.66411233,0.01988600,-0.00610000,1.01052600,0.19223395,-0.17868444,-0.23789500,0.31547250,0.24276000,0.32534347,1.14615609,-1.76834259
1570172347.72716141,0.02086200,-0.00512400,1.00491400,-0.05192477,0.20129153,-0.13289500,1.43547250,0.83776000,0.32607425,1.14440222,-1.76936568
1570172347.79014421,0.02074000,-0.00610000,0.99552000,-0.00493669,-0.49346589,-0.06289500,-0.66452750,-0.45724000,0.32695118,1.14878690,-1.76673487
1570172347.85293698,0.02000800,-0.00451400,1.01101400,-0.15990309,0.11278289,0.39210500,-0.31452750,-0.28224000,0.32695118,1.14878690,-1.76673487
1570172347.91593671,0.02183800,-0.00512400,1.01199000,-0.02826598,-0.08641604,0.21710500,-0.13952750,-0.17724000,0.32943584,1.14440222,-1.77287343
1570172347.97951293,0.02122800,-0.00488000,1.00515800,-0.01660996,-0.01981469,0.18210500,-0.24452750,-0.10724000,0.32227419,1.14717919,-1.77141187
1570172348.04236770,0.02135000,-0.00524600,1.00686600,-0.02377652,-0.02765993,-0.13289500,0.28047250,0.17276000,0.32227419,1.14717919,-1.77141187
1570172348.10534477,0.02122800,-0.00597800,1.00552400,0.16445477,-0.39376179,-0.23789500,0.52547250,0.34776000,0.32899737,1.14600994,-1.77068109
1570172348.16829896,0.01939800,-0.00488000,1.00711000,-0.14513850,0.49462587,0.18210500,-0.31452750,-0.91224000,0.32505115,1.15054078,-1.76571178
1570172348.23134470,0.02000800,-0.00500200,0.99930200,0.01003093,-0.28439741,-0.09789500,-0.17452750,-0.21224000,0.32505115,1.15054078,-1.76571178
1570172348.29451346,0.02098400,-0.00500200,1.00186400,-0.02422381,-0.07143111,0.04210500,-0.06952750,0.06776000,0.32519731,1.15068693,-1.76761181
1570172348.35805750,0.01964200,-0.00414800,1.00515800,0.02548245,0.07226661,0.04210500,-0.20952750,-0.14224000,0.32914353,1.15244081,-1.76702719
1570172348.42094207,0.02293600,-0.00585600,1.00686600,-0.01731118,-0.12056556,0.21710500,-0.31452750,-0.17724000,0.32914353,1.15244081,-1.76702719
1570172348.48396111,0.01976400,-0.00500200,1.00930600,-0.06495332,0.08846499,-0.16789500,0.31547250,0.10276000,0.32432037,1.15068693,-1.77258112
1570172348.54692960,0.02220400,-0.00402600,1.00967200,-0.02976243,-0.21104011,-0.09789500,0.07047250,-0.14224000,0.32432037,1.15068693,-1.77258112
1570172348.60995770,0.02244800,-0.00475800,1.00467000,0.26871230,-0.53903300,-0.13289500,0.35047250,0.10276000,0.32768196,1.15112540,-1.76995031
1570172348.67319155,0.02305800,-0.00475800,1.00857400,-0.13318631,-0.03531040,-0.06289500,0.42047250,0.48776000,0.32826659,1.14864075,-1.77652733
1570172348.73614168,0.02074000,-0.00561200,1.00881800,-0.05690943,0.11734982,0.81210500,-0.87452750,-0.66724000,0.32826659,1.14864075,-1.77652733
1570172348.79908943,0.02025200,-0.00524600,1.00491400,-0.03728151,0.09231710,0.60210500,-0.73452750,-0.31724000,0.32753581,1.14630225,-1.77871967
1570172348.86186934,0.02013000,-0.00500200,1.00881800,-0.02413114,0.04057145,0.32210500,-0.24452750,-0.14224000,0.32490500,1.14790997,-1.77082724
1570172348.92480445,0.02244800,-0.00512400,1.00491400,-0.02991861,-0.08675066,-0.34289500,0.28047250,0.27776000,0.32490500,1.14790997,-1.77082724
1570172348.98781776,0.02122800,-0.00439200,1.00454800,0.06877651,-0.00816848,-0.20289500,0.42047250,0.13776000,0.32987431,1.14834844,-1.76688103
1570172349.05059481,0.02049600,-0.00451400,1.00552400,0.30345307,-0.15685019,-0.06289500,0.03547250,0.10276000,0.33133587,1.14893306,-1.77462730
1570172349.11348796,0.02171600,-0.00500200,1.00942800,-0.07756105,0.04850381,-0.16789500,0.35047250,0.41776000,0.33133587,1.14893306,-1.77462730
1570172349.17646837,0.02025200,-0.00512400,1.00747600,-0.02954090,0.01202819,-0.09789500,-0.06952750,0.13776000,0.33060509,1.15551008,-1.76848875
1570172349.23930812,0.02122800,-0.00500200,0.99771600,-0.06043132,-0.09067955,0.11210500,-0.90952750,-0.70224000,0.33294358,1.15214849,-1.76366559
1570172349.30236268,0.02086200,-0.00610000,1.00515800,-0.08586346,-0.02558213,-0.30789500,0.35047250,0.27776000,0.33294358,1.15214849,-1.76366559
1570172349.36649823,0.02196000,-0.00561200,1.00784200,0.14312516,-0.06508217,-0.20289500,0.17547250,0.10276000,0.33367436,1.14995615,-1.76468869
1570172349.42957950,0.02122800,-0.00475800,1.00711000,0.03846777,-0.02306433,0.18210500,-0.24452750,-0.03724000,0.32855890,1.15302543,-1.76761181
1570172349.49256659,0.02013000,-0.00488000,1.00515800,0.12334954,-0.30385098,0.14710500,-0.10452750,-0.24724000,0.32855890,1.15302543,-1.76761181
1570172349.55547738,0.02183800,-0.00512400,0.97612200,0.08680234,-0.32064712,-0.23789500,-0.06952750,-0.10724000,0.33031277,1.14864075,-1.76600409
1570172349.61840415,0.02147200,-0.00500200,1.00711000,-0.14071397,0.06697291,0.04210500,0.28047250,0.17276000,0.33031277,1.14864075,-1.76600409
1570172349.68126917,0.02183800,-0.00488000,1.00711000,-0.09910483,0.29593580,-0.23789500,0.45547250,0.17276000,0.32680503,1.14820228,-1.76673487
1570172349.74423790,0.02000800,-0.00634400,1.01345400,-0.09682568,0.10847591,-0.83289500,1.05047250,0.66276000,0.32928968,1.14586378,-1.76293481
1570172349.80734444,0.02074000,-0.00488000,1.00491400,-0.02034702,-0.00785701,-0.34289500,0.35047250,0.27776000,0.32928968,1.14586378,-1.76293481
1570172349.87051153,0.02257000,-0.00536800,1.00259600,0.00345984,-0.10042882,-0.06289500,0.10547250,-0.07224000,0.33075124,1.14703303,-1.76483484
1570172349.93355131,0.02147200,-0.00512400,1.00796400,-0.22066204,0.13670623,0.21710500,-0.34952750,-0.14224000,0.32548962,1.14381760,-1.76761181
1570172349.99664831,0.02049600,-0.00475800,1.00808600,-0.05517483,0.02671794,0.14710500,-0.06952750,-0.17724000,0.32548962,1.14381760,-1.76761181
1570172350.05952644,0.02171600,-0.00683200,1.00442600,0.04607998,-0.06821831,0.04210500,-0.76952750,-0.70224000,0.32680503,1.15024847,-1.76688103
1570172350.12264204,0.02159400,-0.00512400,1.01345400,-0.16580859,0.30844162,0.88210500,-1.29452750,-0.63224000,0.32768196,1.15010231,-1.76936568
1570172350.18565607,0.02318000,-0.00500200,1.00442600,-0.02348281,-0.17254486,0.46210500,-0.31452750,-0.38724000,0.32768196,1.15010231,-1.76936568
1570172350.24846554,0.02061800,-0.00585600,1.00942800,-0.07055264,0.02109168,0.56710500,-0.59452750,-0.31724000,0.32782812,1.15273312,-1.76805028
1570172350.31152868,0.01976400,-0.00439200,1.01016000,0.01392850,0.07587064,-0.23789500,0.52547250,0.24276000,0.33192049,1.14937153,-1.76293481
1570172350.37442350,0.01964200,-0.00561200,1.00955000,-0.25682477,0.06286031,0.14710500,-0.27952750,-0.07224000,0.33192049,1.14937153,-1.76293481
1570172350.43792582,0.02074000,-0.00475800,1.00491400,-0.05833750,0.07773716,0.07710500,-0.06952750,-0.21224000,0.32461269,1.15273312,-1.77170418
1570172350.50075555,0.02110600,-0.00500200,1.00540200,0.02049609,-0.25656083,-0.02789500,-0.03452750,0.20776000,0.32461269,1.15273312,-1.77097340
1570172350.56346178,0.02098400,-0.00597800,1.00210800,-0.03109664,-0.32208574,0.04210500,-0.03452750,-0.14224000,0.33118971,1.15229465,-1.77097340
1570172350.62653565,0.02074000,-0.00512400,1.00503600,0.11573658,0.07158177,-0.09789500,0.07047250,-0.10724000,0.32519731,1.14820228,-1.75913476
1570172350.68939900,0.02086200,-0.00573400,1.00686600,-0.06446032,0.04587228,-0.13289500,0.21047250,0.24276000,0.32519731,1.14820228,-1.75913476
1570172350.75320959,0.02037400,-0.00475800,1.00479200,-0.01526914,0.03451012,-0.44789500,0.45547250,0.24276000,0.32505115,1.14659456,-1.76088863
1570172350.81610322,0.02098400,-0.00488000,1.00711000,0.00411008,-0.00662850,-0.37789500,0.35047250,0.34776000,0.32534347,1.14834844,-1.76731950
1570172350.87919855,0.02110600,-0.00439200,1.00698800,-0.13998331,0.06208609,0.11210500,-0.03452750,0.10276000,0.32534347,1.14834844,-1.76731950
1570172350.94211674,0.02098400,-0.00414800,1.00869600,-0.16086481,0.06181600,0.18210500,-0.17452750,-0.03724000,0.32914353,1.14454838,-1.76761181
1570172351.00503659,0.02037400,-0.00536800,1.00576800,0.05333069,-0.24019198,0.07710500,-0.55952750,-0.31724000,0.32797428,1.14995615,-1.76556562
1570172351.06799507,0.02049600,-0.00463600,1.00467000,0.01832356,-0.21393918,0.70710500,-0.66452750,-0.52724000,0.32797428,1.14995615,-1.76556562
1570172351.13115931,0.02110600,-0.00549000,1.00723200,-0.05046674,0.06016090,-0.09789500,0.24547250,0.20776000,0.32855890,1.14761766,-1.76790412
1570172351.19401264,0.02183800,-0.00512400,1.01479600,-0.02681015,-0.03876732,0.11210500,0.10547250,-0.03724000,0.32782812,1.15068693,-1.76395791
1570172351.25693226,0.02049600,-0.00475800,1.00833000,-0.00952303,0.02249974,0.11210500,-0.10452750,0.06776000,0.32782812,1.15068693,-1.76395791
1570172351.31980515,0.02171600,-0.00524600,1.00503600,-0.14035709,-0.04298285,0.42710500,-0.31452750,-0.38724000,0.32242034,1.14907922,-1.76074247
1570172351.38298583,0.02257000,-0.00488000,1.00613400,0.02515390,-0.11026704,-0.20289500,0.28047250,0.27776000,0.32548962,1.15024847,-1.75738088
1570172351.44602776,0.02086200,-0.00573400,1.01040400,0.06841049,-0.09332891,-0.13289500,0.14047250,0.20776000,0.32548962,1.15024847,-1.75738088
1570172351.50885081,0.02122800,-0.00439200,0.99918000,-0.01102935,0.19790428,0.21710500,-0.66452750,-0.24724000,0.32475884,1.15010231,-1.75942707
1570172351.57166266,0.02000800,-0.00463600,1.00674400,0.07435232,-0.19717255,-0.13289500,-0.17452750,-0.10724000,0.32475884,1.15010231,-1.75942707
1570172351.63471556,0.01964200,-0.00585600,1.00820800,-0.07093989,-0.09813143,0.14710500,-0.27952750,0.03276000,0.32475884,1.14118679,-1.76088863
1570172351.69911861,0.02086200,-0.00500200,1.00589000,-0.02524436,-0.00591942,0.04210500,-0.10452750,0.03276000,0.32972815,1.15244081,-1.76454253
1570172351.76201844,0.02000800,-0.00463600,1.00845200,0.03342062,-0.15130511,0.07710500,0.03547250,0.13776000,0.32972815,1.15244081,-1.76454253
1570172351.82488012,0.01952000,-0.00463600,1.01077000,0.17884090,-0.17025867,0.04210500,-0.17452750,0.03276000,0.32607425,1.15317159,-1.77155802
1570172351.88787508,0.02147200,-0.00561200,1.00967200,-0.38197699,0.27748288,0.21710500,0.38547250,0.10276000,0.32242034,1.14571763,-1.76483484
1570172351.95073152,0.02257000,-0.00500200,1.00589000,-0.11341634,0.10033813,0.46210500,-0.38452750,-0.35224000,0.32242034,1.14571763,-1.76483484
1570172352.01417756,0.02061800,-0.00597800,1.01089200,-0.07698797,0.05043392,-0.16789500,0.31547250,-0.00224000,0.32885121,1.14630225,-1.77155802
1570172352.07715964,0.02061800,-0.00463600,1.00991600,-0.00027630,0.02573130,-0.41289500,0.59547250,0.31276000,0.32358959,1.14893306,-1.76235019
1570172352.13996387,0.02086200,-0.00512400,1.00796400,-0.02845134,0.00952787,0.11210500,-0.03452750,-0.03724000,0.32358959,1.14893306,-1.76235019
1570172352.20292377,0.02061800,-0.00549000,1.00747600,-0.00909495,0.01739757,0.21710500,-0.31452750,-0.03724000,0.32505115,1.15039462,-1.77126571
1570172352.26582384,0.02013000,-0.00512400,1.00759800,-0.13514645,-0.09015319,0.39210500,-0.52452750,-0.00224000,0.32622040,1.15317159,-1.76951184
1570172352.32903242,0.02330200,-0.00427000,1.00381600,-0.01653874,-0.05430062,-0.02789500,0.00047250,0.17276000,0.32622040,1.15317159,-1.76951184
1570172352.39194345,0.02013000,-0.00500200,1.00979400,-0.02196405,-0.19297115,1.05710500,-1.43452750,-0.73724000,0.32490500,1.15068693,-1.77506577
1570172352.45645475,0.02037400,-0.00536800,1.00942800,-0.04504845,0.02663045,0.53210500,-0.48952750,-0.28224000,0.32622040,1.14600994,-1.76907337
1570172352.52051282,0.02037400,-0.00475800,1.00637800,0.05356495,-0.31494766,-0.27289500,0.35047250,0.06776000,0.32622040,1.14600994,-1.76907337
1570172352.58368015,0.02013000,-0.00695400,1.00540200,0.02543578,-0.05309602,0.07710500,0.49047250,0.17276000,0.32899737,1.14878690,-1.77375037
1570172352.64672828,0.02257000,-0.00463600,1.01394200,0.02054557,-0.17353551,0.00710500,-0.03452750,0.03276000,0.32899737,1.14878690,-1.77375037
1570172352.70955229,0.02098400,-0.00646600,1.00759800,-0.10584136,0.07444724,0.63710500,-0.76952750,-0.45724000,0.33221280,1.14279450,-1.76688103
1570172352.77259064,0.02074000,-0.00439200,1.00845200,0.00994017,0.00194756,-0.44789500,0.38547250,0.24276000,0.32329728,1.14235604,-1.77287343
1570172352.83551645,0.02110600,-0.00475800,1.00686600,-0.00853537,-0.00790598,-0.16789500,0.17547250,0.06776000,0.32329728,1.14235604,-1.77287343
1570172352.89858937,0.02061800,-0.00475800,1.00759800,0.21351683,0.02628030,-0.37789500,0.49047250,0.38276000,0.32446653,1.14220988,-1.76761181
1570172352.96163702,0.01964200,-0.00536800,1.00698800,0.01061628,-0.30888015,-0.23789500,0.35047250,0.87276000,0.32636656,1.14864075,-1.76264250
1570172353.02458334,0.02025200,-0.00500200,1.00796400,-0.08575386,0.11383597,-0.16789500,0.00047250,0.27776000,0.32636656,1.14864075,-1.76264250
1570172353.08766389,0.02061800,-0.00402600,1.00174200,0.19200689,-0.23200362,-0.09789500,0.63047250,0.31276000,0.32110494,1.14937153,-1.76615025
1570172353.15069151,0.02318000,-0.00463600,1.00503600,-0.01637910,0.03683014,-0.62289500,0.77047250,0.48776000,0.32388191,1.15331774,-1.77360421
1570172353.21368575,0.02135000,-0.00524600,1.00796400,-0.03637418,0.06791266,0.60210500,-0.66452750,-0.59724000,0.32388191,1.15331774,-1.77360421
1570172353.27685809,0.02061800,-0.00500200,1.01028200,-0.02260588,0.01896184,-0.55289500,0.70047250,0.59276000,0.32651272,1.15097925,-1.76468869
1570172353.33979797,0.01952000,-0.00536800,1.00906200,-0.18445745,0.07558575,-0.23789500,0.21047250,0.06776000,0.32344344,1.14849459,-1.77111956
1570172353.40276456,0.02318000,-0.00524600,1.00625600,-0.26334291,-0.13917317,0.21710500,-0.45452750,-0.31724000,0.32344344,1.14849459,-1.77111956
1570172353.46561551,0.02147200,-0.00524600,1.00625600,-0.04708978,-0.03057729,0.04210500,-0.03452750,0.76776000,0.32724350,1.14674072,-1.77185034
1570172353.52858186,0.02122800,-0.00427000,1.00833000,0.02638751,-0.15195322,-0.09789500,0.10547250,-0.17724000,0.32285881,1.14586378,-1.77740427
1570172353.59154630,0.02013000,-0.00463600,1.02333600,0.02272489,0.24183022,-0.06289500,0.66547250,0.45276000,0.32285881,1.14586378,-1.77740427
1570172353.65440702,0.02061800,-0.00366000,1.00369400,-0.02371907,0.09098040,-0.83289500,0.87547250,0.62776000,0.32505115,1.14396375,-1.76629640
1570172353.71743536,0.02013000,-0.00427000,1.00698800,0.01110084,-0.12668721,-0.55289500,0.63047250,0.38276000,0.32505115,1.14396375,-1.76629640
1570172353.78057218,0.02098400,-0.00524600,1.00857400,-0.03957505,-0.01424192,-0.02789500,0.21047250,0.20776000,0.32651272,1.14703303,-1.76585794
1570172353.84348941,0.01927600,-0.00463600,1.00735400,-0.00373359,0.08722217,0.11210500,-0.06952750,-0.14224000,0.32490500,1.15156387,-1.77097340
1570172353.90668035,0.02147200,-0.00488000,1.00930600,0.17826223,-0.03359459,-0.16789500,0.21047250,0.10276000,0.32490500,1.15156387,-1.77097340
1570172353.96957088,0.02049600,-0.00500200,1.00918400,0.00634639,-0.30695903,-0.27289500,0.42047250,0.62776000,0.31964338,1.14790997,-1.77258112
1570172354.03244042,0.02208200,-0.00512400,1.00564600,0.03203781,-0.20121691,0.07710500,-0.03452750,-0.49224000,0.32607425,1.14703303,-1.76556562
1570172354.09532928,0.02293600,-0.00463600,0.99527600,0.00200711,-0.40967061,0.00710500,-0.31452750,-0.21224000,0.32607425,1.14703303,-1.76556562
1570172354.15819526,0.02135000,-0.00634400,1.00967200,-0.20891040,0.09059590,0.04210500,-0.97952750,-0.66724000,0.32885121,1.15229465,-1.76498100
1570172354.22111177,0.02061800,-0.00451400,1.00650000,0.00484314,0.18429723,-0.65789500,0.70047250,0.48776000,0.32885121,1.15127156,-1.76921953
1570172354.28406549,0.02147200,-0.00463600,1.00845200,-0.00156740,-0.06318763,0.67210500,-0.73452750,-0.49224000,0.32885121,1.15127156,-1.76921953
1570172354.34728026,0.02110600,-0.00414800,1.00808600,0.02879468,0.00571292,0.21710500,-0.38452750,-0.21224000,0.32505115,1.15112540,-1.76805028
1570172354.41025090,0.02110600,-0.00488000,1.00650000,-0.18336012,-0.01210402,0.00710500,-0.31452750,-0.07224000,0.33031277,1.15229465,-1.76775797
1570172354.47305632,0.02135000,-0.00451400,1.00711000,-0.11414374,-0.04596736,0.32210500,-0.45452750,-0.17724000,0.33031277,1.15229465,-1.76775797
1570172354.53596044,0.02049600,-0.00378200,1.00930600,-0.23708551,0.20029658,-0.02789500,0.10547250,0.38276000,0.32578194,1.14790997,-1.76995031
1570172354.59893250,0.01976400,-0.00439200,1.00747600,-0.27442194,0.46252736,0.11210500,-0.38452750,-0.10724000,0.32578194,1.14790997,-1.77550424
1570172354.66179395,0.02159400,-0.00512400,1.01626000,-0.16461586,0.20773500,0.04210500,-0.31452750,-0.28224000,0.32432037,1.15156387,-1.77550424
1570172354.72483730,0.02110600,-0.00622200,1.00979400,-0.09122065,0.25679185,1.30210500,-1.43452750,-1.01724000,0.32665887,1.14674072,-1.76775797
1570172354.78774047,0.01988600,-0.00488000,1.01016000,-0.01497276,0.08418604,-0.16789500,0.14047250,0.13776000,0.32665887,1.14674072,-1.76775797
1570172354.85056305,0.02037400,-0.00500200,1.00589000,-0.02302088,0.03114567,-0.02789500,0.21047250,-0.03724000,0.32519731,1.15024847,-1.77258112
1570172354.91347694,0.02135000,-0.00512400,1.00772000,-0.02900936,-0.02044324,-0.09789500,0.21047250,0.06776000,0.32475884,1.15112540,-1.77155802
1570172354.97659421,0.02122800,-0.00512400,1.00589000,0.10856475,-0.02056053,-0.55289500,0.66547250,0.48776000,0.32475884,1.15112540,-1.77155802
1570172355.03948212,0.02061800,-0.00475800,1.00613400,0.11646711,-0.06814504,-0.16789500,0.24547250,1.01276000,0.32154341,1.14907922,-1.76688103
1570172355.10239506,0.02110600,-0.00463600,1.00759800,-0.01649269,-0.16542568,0.07710500,0.00047250,-1.12224000,0.32417422,1.14966384,-1.76425022
1570172355.16530561,0.02183800,-0.00524600,1.01931000,-0.01934317,0.06670128,0.07710500,-1.25952750,-0.87724000,0.32417422,1.14966384,-1.76425022
1570172355.22834730,0.02037400,-0.00427000,1.00515800,-0.05807224,0.14124758,1.30210500,-1.60952750,-0.98224000,0.32680503,1.14922537,-1.76337328
1570172355.29123640,0.02122800,-0.00317200,1.00613400,0.08117996,-0.14246639,0.67210500,-0.87452750,-0.66724000,0.32475884,1.14747150,-1.76293481
1570172355.35413742,0.02086200,-0.00549000,1.01052600,-0.04943859,-0.03295294,-1.04289500,1.15547250,0.80276000,0.32475884,1.14747150,-1.76293481
1570172355.41709805,0.01854400,-0.00597800,1.01150200,-0.07646766,0.14193723,0.67210500,-0.90952750,-0.70224000,0.32505115,1.15156387,-1.76293481
1570172355.48011661,0.02074000,-0.00585600,1.00857400,-0.05255441,0.00369362,-0.06289500,0.07047250,0.03276000,0.32388191,1.14615609,-1.76951184
1570172355.54405403,0.02318000,-0.00463600,1.00552400,-0.05919097,-0.26720447,-0.30789500,1.57547250,1.11776000,0.32388191,1.14615609,-1.76951184
1570172355.61017680,0.02122800,-0.00463600,1.00637800,-0.10480926,-0.01234911,0.25210500,-0.45452750,-0.21224000,0.33016662,1.14659456,-1.77126571
1570172355.67340088,0.02232600,-0.00524600,1.00881800,0.13035046,-0.02620059,-0.23789500,0.38547250,0.52276000,0.32651272,1.14820228,-1.77170418
1570172355.73652792,0.02183800,-0.00512400,1.00942800,-0.02900711,-0.04120792,-0.02789500,1.29547250,0.76776000,0.32651272,1.14820228,-1.77170418
1570172355.79960132,0.02025200,-0.00634400,1.00796400,-0.09877720,0.09564817,0.35710500,-0.41952750,-0.28224000,0.32782812,1.14454838,-1.76951184
1570172355.86351085,0.02135000,-0.00488000,1.00637800,-0.01674452,-0.02736445,-0.20289500,0.42047250,0.20776000,0.32782812,1.14454838,-1.76951184
1570172355.92660451,0.02049600,-0.00500200,1.00686600,0.08186624,0.02870197,0.42710500,-0.31452750,-0.28224000,0.32622040,1.14732534,-1.77477346
1570172355.98957396,0.01964200,-0.00475800,1.01113600,0.15101570,-0.23483865,-0.37789500,0.31547250,0.83776000,0.33031277,1.15434084,-1.77068109
1570172356.05251074,0.01988600,-0.00463600,1.00869600,-0.12494732,0.34179033,0.00710500,-0.03452750,-0.00224000,0.33031277,1.15434084,-1.77068109
1570172356.11553407,0.02220400,-0.00512400,1.00174200,0.09432236,0.15160721,-0.02789500,1.85547250,1.08276000,0.32563578,1.15141771,-1.76600409
1570172356.17877078,0.02159400,-0.00695400,1.01272200,-0.13156942,-0.03028850,-0.76289500,0.77047250,0.55776000,0.32651272,1.14951768,-1.76878106
1570172356.24167109,0.02025200,-0.00463600,1.00967200,-0.00125279,-0.02707329,0.35710500,-0.55952750,-0.35224000,0.32651272,1.14951768,-1.76878106
1570172356.30468845,0.02049600,-0.00475800,1.00833000,-0.00697865,0.03346229,-0.65789500,0.77047250,0.48776000,0.32519731,1.15054078,-1.77448115
1570172356.36765790,0.02244800,-0.00512400,1.00686600,-0.03474342,-0.07767652,-0.23789500,0.21047250,0.13776000,0.32505115,1.15112540,-1.76790412
1570172356.43070269,0.02220400,-0.00500200,1.00747600,-0.14467973,-0.06266690,0.14710500,-0.06952750,-0.24724000,0.32505115,1.15112540,-1.76790412
1570172356.49364424,0.02159400,-0.00475800,1.00613400,0.01866192,-0.05219041,-0.30789500,0.28047250,0.13776000,0.32329728,1.14864075,-1.76425022
1570172356.55670810,0.02147200,-0.00341600,1.00808600,-0.01517465,0.09722781,-0.06289500,0.24547250,0.34776000,0.32315113,1.15404852,-1.76541947
1570172356.61972094,0.02061800,-0.00524600,1.01003800,-0.03577542,0.20858231,0.04210500,-0.55952750,-0.38724000,0.32315113,1.15404852,-1.76541947
1570172356.68271279,0.02074000,-0.00451400,1.00503600,0.00448076,0.04378036,0.53210500,-0.55952750,-0.45724000,0.32534347,1.14761766,-1.77170418
1570172356.74557304,0.02086200,-0.00561200,1.00747600,-0.05731995,-0.00891686,0.74210500,-0.83952750,-0.59724000,0.32534347,1.14761766,-1.76585794
1570172356.80853510,0.02244800,-0.00561200,1.00820800,-0.05466816,-0.07462754,-0.48289500,0.56047250,0.31276000,0.32183572,1.15258696,-1.76585794
1570172356.87148499,0.02086200,-0.00536800,1.01077000,-0.03972626,0.01942067,0.35710500,-0.62952750,-0.17724000,0.32388191,1.15112540,-1.76308097
1570172356.93444371,0.02171600,-0.00512400,1.00698800,0.01886735,-0.04419801,-0.41289500,0.38547250,0.24276000,0.32388191,1.15112540,-1.76308097
1570172356.99749279,0.01964200,-0.00585600,1.00869600,-0.14089744,-0.30852784,-0.48289500,0.38547250,-0.03724000,0.32358959,1.15024847,-1.76644256
1570172357.06050134,0.01964200,-0.00451400,1.00467000,0.28266968,-0.16078492,-0.37789500,0.00047250,-0.10724000,0.32753581,1.15039462,-1.76132710
1570172357.12347841,0.02244800,-0.00366000,1.00784200,0.03295903,-0.23724565,-0.09789500,-1.15452750,-0.63224000,0.32753581,1.15039462,-1.76132710
1570172357.18663406,0.02074000,-0.00170800,1.00698800,0.16459955,0.12232281,-0.23789500,-0.10452750,0.10276000,0.32358959,1.15214849,-1.76848875
1570172357.24957538,0.02013000,-0.00378200,1.00857400,0.04695948,0.02701744,0.04210500,-0.13952750,0.03276000,0.32271266,1.15156387,-1.76600409
1570172357.31266356,0.02122800,-0.00427000,1.00662200,0.01633860,-0.02900633,0.00710500,0.07047250,-0.03724000,0.32271266,1.15156387,-1.76600409
1570172357.37607789,0.02293600,-0.00451400,1.00454800,0.08104653,-0.11564183,-0.55289500,0.42047250,0.31276000,0.32081263,1.15083309,-1.76644256
1570172357.43904209,0.02098400,-0.00597800,1.01077000,-0.08361750,0.12045972,0.28710500,-0.31452750,-0.84224000,0.32534347,1.15112540,-1.77301958
1570172357.50201344,0.02171600,-0.00561200,1.01296600,-0.16764817,-0.18719645,-0.16789500,0.14047250,-0.00224000,0.32534347,1.15112540,-1.77301958
1570172357.56486630,0.02232600,-0.00475800,1.00027800,0.12904654,-0.47848857,-0.02789500,0.84047250,0.48776000,0.32505115,1.15507162,-1.76644256
1570172357.62787509,0.01915400,-0.00475800,1.01296600,-0.05558898,-0.02310702,-0.09789500,0.21047250,0.10276000,0.32388191,1.14761766,-1.76951184
1570172357.69101572,0.02208200,-0.00463600,1.00979400,-0.00122566,0.02150832,0.07710500,-0.06952750,0.06776000,0.32388191,1.14761766,-1.76951184
1570172357.75395560,0.01854400,-0.00500200,1.00772000,-0.02172512,0.14015914,-0.06289500,-0.03452750,-0.00224000,0.32095878,1.14615609,-1.77185034
1570172357.81714773,0.01915400,-0.00512400,1.00796400,0.04640701,0.10045470,0.21710500,-0.20952750,-0.10724000,0.32095878,1.14615609,-1.77185034
1570172357.88013315,0.02135000,-0.00427000,1.00833000,-0.11026077,0.12329516,0.28710500,-0.17452750,-0.28224000,0.32095878,1.14557147,-1.76512716
1570172357.94307446,0.02293600,-0.00451400,1.00589000,0.07925961,0.11716721,-0.20289500,0.14047250,0.31276000,0.31774335,1.15097925,-1.77053493
1570172358.00612354,0.02171600,-0.00463600,1.00430400,-0.01411905,-0.11935651,-0.13289500,1.40047250,1.04776000,0.31774335,1.15097925,-1.77053493
1570172358.06902099,0.01988600,-0.00439200,1.01138000,-0.00771854,-0.02501587,0.00710500,-0.17452750,-0.14224000,0.32578194,1.14688688,-1.76366559
1570172358.13206244,0.02147200,-0.00439200,1.00857400,0.01231147,0.05473151,-0.02789500,0.07047250,-0.07224000,0.32198188,1.15024847,-1.76907337
1570172358.19493675,0.02305800,-0.00439200,1.00381600,0.01114872,-0.15249845,0.84710500,-0.97952750,-0.63224000,0.32198188,1.15024847,-1.76907337
1570172358.25783539,0.02171600,-0.00512400,1.00820800,-0.03184461,-0.05323613,-0.23789500,0.38547250,0.34776000,0.32168956,1.14849459,-1.76556562
1570172358.32083821,0.01891000,-0.00475800,1.00857400,0.05315069,0.11330029,0.00710500,0.24547250,0.17276000,0.31905875,1.14410991,-1.76527331
1570172358.38452220,0.02196000,-0.00573400,1.00857400,0.04318257,-0.04524756,0.14710500,-0.10452750,0.59276000,0.31905875,1.14410991,-1.76527331
1570172358.44757724,0.02000800,-0.00561200,1.01016000,0.09710157,-0.05072929,-0.06289500,0.59547250,0.45276000,0.32329728,1.14922537,-1.76761181
1570172358.51058173,0.02037400,-0.00439200,1.00686600,-0.10612014,0.17079360,-0.09789500,-0.80452750,-0.42224000,0.32972815,1.14600994,-1.76702719
1570172358.57376289,0.02232600,-0.00500200,1.00625600,-0.02296679,-0.14923767,-0.27289500,0.24547250,0.10276000,0.32972815,1.14600994,-1.76702719
1570172358.63697433,0.02025200,-0.00488000,1.00698800,-0.01553792,0.04032170,-0.62289500,1.01547250,0.59276000,0.32417422,1.15054078,-1.76439638
1570172358.70111775,0.02086200,-0.00500200,1.00979400,0.01462555,-0.07892019,0.11210500,-0.03452750,-0.10724000,0.32358959,1.14966384,-1.76468869
1570172358.76415539,0.02000800,-0.00463600,1.00796400,0.06671265,-0.02796437,-0.06289500,0.38547250,0.17276000,0.32358959,1.14966384,-1.76468869
1570172358.82729244,0.02061800,-0.00512400,1.00296200,-0.00298425,-0.28597829,0.70710500,-0.87452750,-0.31724000,0.32388191,1.15346390,-1.77155802
1570172358.89037490,0.02232600,-0.00744200,1.00894000,-0.16074903,-0.02793659,-0.23789500,0.38547250,0.24276000,0.32388191,1.15346390,-1.77155802
1570172358.95346761,0.02098400,-0.00549000,1.01089200,-0.04817090,0.00647908,0.39210500,-0.48952750,-0.10724000,0.32475884,1.15229465,-1.76103479
1570172359.01674724,0.02110600,-0.00549000,1.00845200,-0.03636613,-0.00833837,0.14710500,-0.10452750,-0.03724000,0.32563578,1.15141771,-1.75855013
1570172359.07977867,0.01927600,-0.00463600,1.00674400,-0.01479428,-0.03266131,-0.06289500,0.17547250,0.06776000,0.32563578,1.15141771,-1.75855013
1570172359.14284134,0.02305800,-0.00402600,1.00418200,-0.04287496,-0.16595125,0.11210500,0.14047250,0.13776000,0.32285881,1.15141771,-1.76395791
1570172359.20584726,0.02171600,-0.00439200,1.01138000,-0.04228970,0.19606791,0.18210500,-0.94452750,-0.59724000,0.32066647,1.15302543,-1.76834259
1570172359.26888132,0.02049600,-0.00512400,1.01040400,-0.16707110,0.09138674,0.77710500,-0.83952750,-0.59724000,0.32066647,1.15302543,-1.76834259
1570172359.33199000,0.02122800,-0.00610000,1.00967200,-0.08431609,0.02829617,0.63710500,-0.62952750,-0.66724000,0.32680503,1.15171003,-1.76936568
1570172359.39503241,0.02025200,-0.00463600,1.00674400,-0.00196012,0.03906585,-0.23789500,0.14047250,0.24276000,0.32695118,1.15127156,-1.76644256
1570172359.45796204,0.02147200,-0.00439200,1.00564600,0.01092381,-0.03522245,0.04210500,-0.06952750,0.10276000,0.32695118,1.15127156,-1.76644256
1570172359.52088618,0.02110600,-0.00524600,1.00808600,-0.00087415,-0.00458006,-0.44789500,0.56047250,0.45276000,0.32446653,1.15141771,-1.76629640
1570172359.58405185,0.02013000,-0.00488000,1.01064800,0.05474815,-0.07860209,0.07710500,-0.06952750,-0.28224000,0.32636656,1.14717919,-1.76702719
1570172359.64980960,0.02208200,-0.00536800,1.00674400,-0.04340371,-0.06424591,0.53210500,-0.59452750,-0.38724000,0.32636656,1.14717919,-1.76702719
1570172359.71273708,0.02122800,-0.00427000,1.00576800,0.17822122,-0.02026912,-0.48289500,0.63047250,0.34776000,0.32987431,1.15127156,-1.77053493
1570172359.77603197,0.02159400,-0.00414800,1.00918400,-0.08321063,0.20452812,0.28710500,-0.17452750,0.17276000,0.32695118,1.14864075,-1.76951184
1570172359.83903933,0.02000800,-0.00475800,1.00735400,0.11504840,-0.33902074,-0.09789500,0.49047250,0.27776000,0.32695118,1.14864075,-1.76951184
1570172359.90217090,0.02074000,-0.00500200,1.01357600,-0.11743902,-0.09819165,0.07710500,0.73547250,0.24276000,0.32724350,1.14878690,-1.77053493
1570172359.96505332,0.02061800,-0.00402600,1.00515800,0.03234100,-0.16460781,-0.16789500,0.45547250,0.03276000,0.32724350,1.14878690,-1.76278866
1570172360.02803588,0.01988600,-0.00463600,1.00796400,-0.00052750,0.01080621,-0.44789500,0.80547250,0.55776000,0.32329728,1.15010231,-1.76278866
1570172360.10065055,0.02293600,-0.00439200,1.01028200,0.01385545,-0.10354281,-0.16789500,0.35047250,0.24276000,0.32505115,1.15214849,-1.76863490
1570172360.16371727,0.02061800,-0.00414800,1.01247800,0.15176189,0.02921729,0.25210500,-0.41952750,-0.21224000,0.32797428,1.15229465,-1.76541947
1570172360.22681665,0.02196000,-0.00451400,1.00601200,0.03909908,-0.11011026,0.25210500,-0.10452750,-0.38724000,0.32797428,1.15229465,-1.76541947
1570172360.28994918,0.02025200,-0.00463600,1.00418200,-0.25011830,0.44411655,0.18210500,-0.69952750,-0.35224000,0.32534347,1.15229465,-1.76161941
1570172360.35350204,0.02232600,-0.00475800,1.01577200,-0.08910151,-0.09540911,0.39210500,-0.41952750,-0.17724000,0.32534347,1.15229465,-1.76161941
1570172360.41675544,0.01903200,-0.00524600,1.01064800,-0.03440544,0.09599786,-0.02789500,0.00047250,-0.07224000,0.32475884,1.14878690,-1.77038878
1570172360.48011518,0.02232600,-0.00475800,1.00759800,-0.01047070,-0.08631283,0.11210500,-0.06952750,-0.14224000,0.32738965,1.14790997,-1.76790412
1570172360.54303885,0.02110600,-0.00414800,1.00674400,-0.18818528,-0.00643372,-0.13289500,0.00047250,-0.17724000,0.32738965,1.14790997,-1.76790412
1570172360.60664225,0.02061800,-0.00524600,1.00662200,0.41485251,-0.31897605,-0.23789500,0.31547250,0.48776000,0.32329728,1.15244081,-1.76746565
1570172360.66962433,0.02183800,-0.00524600,1.00942800,0.02636573,0.09722427,-0.27289500,0.98047250,0.73276000,0.31832797,1.14747150,-1.77111956
1570172360.73263192,0.01988600,-0.00585600,1.01284400,0.22036539,-0.03016988,0.39210500,-0.48952750,-0.24724000,0.31832797,1.14747150,-1.77111956
1570172360.79562926,0.02232600,-0.00353800,1.00576800,0.06026848,-0.12211118,0.91710500,-0.90952750,-0.70224000,0.32066647,1.14352529,-1.76907337
1570172360.85861564,0.02196000,-0.00305000,1.00528000,0.08752851,-0.06339823,0.18210500,-0.17452750,-0.03724000,0.32417422,1.15097925,-1.76468869
1570172360.92153001,0.02171600,-0.00536800,1.00808600,0.01065035,-0.05051367,0.04210500,-0.17452750,-0.00224000,0.32417422,1.15097925,-1.76468869
1570172360.98456526,0.02098400,-0.00512400,1.00820800,-0.21233111,-0.00805706,0.00710500,0.03547250,-0.03724000,0.32432037,1.15054078,-1.76571178
1570172361.04767323,0.02049600,-0.00500200,1.01077000,-0.18435822,-0.00311080,0.18210500,-0.27952750,0.66276000,0.32256650,1.14703303,-1.76556562
1570172361.11064911,0.02196000,-0.00524600,1.00772000,0.01836053,-0.28329157,-0.09789500,-0.55952750,-0.35224000,0.32256650,1.14703303,-1.76556562
1570172361.17381477,0.02110600,-0.00451400,1.00271800,-0.02397569,-0.11216147,-0.09789500,-0.03452750,-0.07224000,0.32665887,1.14951768,-1.76015785
1570172361.23696041,0.02208200,-0.00500200,1.00674400,-0.02284195,-0.03061323,-0.41289500,0.59547250,0.41776000,0.32285881,1.14615609,-1.76410406
1570172361.29997873,0.02061800,-0.00512400,1.00686600,-0.02626483,0.03215031,-0.09789500,0.17547250,0.03276000,0.32285881,1.14615609,-1.76410406
1570172361.36290526,0.02452200,-0.00463600,1.00955000,-0.00107600,-0.19922003,0.53210500,-0.52452750,-0.31724000,0.32344344,1.15258696,-1.76717334
1570172361.42595696,0.01915400,-0.00488000,1.00686600,0.01170263,0.10058961,-0.27289500,0.24547250,0.20776000,0.32344344,1.15258696,-1.76717334
1570172361.48902941,0.02171600,-0.00561200,1.00515800,0.00286955,-0.45335363,-0.02789500,0.03547250,1.04776000,0.32095878,1.14790997,-1.77228880
1570172361.55198646,0.02110600,-0.00451400,1.00601200,-0.21408906,-0.01575051,0.00710500,-0.24452750,0.34776000,0.32592809,1.14907922,-1.76688103
1570172361.61493874,0.02183800,-0.00524600,1.02187200,-0.19643939,0.00800488,0.18210500,-0.59452750,-0.42224000,0.32592809,1.14907922,-1.76688103
1570172361.67814851,0.02122800,-0.00097600,1.02236000,0.20707893,-0.00513631,-0.72789500,0.94547250,0.59276000,0.32607425,1.14527916,-1.76629640
1570172361.74173117,0.02025200,-0.00488000,1.00320600,-0.02024577,0.02078033,-0.20289500,0.17547250,0.13776000,0.32373575,1.14761766,-1.76293481
1570172361.80550766,0.02293600,-0.00451400,1.00454800,0.06018555,0.00249590,-0.20289500,0.21047250,0.34776000,0.32373575,1.14761766,-1.76293481
1570172361.86891270,0.02110600,-0.00463600,1.00808600,0.04711547,-0.27688030,0.18210500,0.00047250,-0.07224000,0.32548962,1.15463315,-1.75811166
1570172361.93191528,0.02415600,-0.00622200,1.01247800,-0.22141958,0.14885766,0.04210500,0.70047250,0.41776000,0.32768196,1.14966384,-1.76717334
1570172361.99519634,0.01744600,-0.00536800,1.00625600,-0.04381762,-0.00342953,-0.02789500,0.17547250,-0.07224000,0.32768196,1.14966384,-1.76717334
1570172362.05818319,0.02342400,-0.00500200,1.00467000,-0.02480803,-0.15091574,-0.37789500,0.49047250,0.34776000,0.32198188,1.15287928,-1.76921953
1570172362.12123466,0.02183800,-0.00610000,1.00723200,-0.08506042,-0.05052311,-0.20289500,0.28047250,0.31276000,0.32110494,1.15024847,-1.76775797
1570172362.18419003,0.01988600,-0.00488000,1.01101400,-0.00132480,0.06261597,-0.20289500,0.21047250,0.10276000,0.32110494,1.15024847,-1.76775797
1570172362.24725175,0.01964200,-0.00488000,1.00979400,-0.30095908,0.36768694,0.35710500,-0.41952750,-0.21224000,0.32300497,1.14703303,-1.76410406
1570172362.31036425,0.02110600,-0.00451400,0.97295000,0.00846765,-0.12464829,-0.09789500,-0.83952750,-0.49224000,0.32490500,1.15010231,-1.76936568
1570172362.37329316,0.02415600,-0.00536800,0.99442200,-0.13874607,-0.38995092,-0.16789500,-0.31452750,-0.35224000,0.32490500,1.15010231,-1.76936568
1570172362.43633699,0.02159400,-0.00780800,1.01308800,-0.17974622,0.19776081,-0.23789500,0.31547250,0.27776000,0.32329728,1.14981000,-1.76322713
1570172362.49952126,0.02281400,-0.00549000,1.01125800,-0.05277023,-0.11597375,-1.00789500,1.47047250,0.83776000,0.32329728,1.14981000,-1.76322713
1570172362.56243730,0.02025200,-0.00451400,1.00772000,0.00594033,0.04337492,-0.23789500,0.38547250,0.27776000,0.32417422,1.15156387,-1.76629640
1570172362.62542129,0.02244800,-0.00512400,1.00015600,-0.06062744,-0.09847020,-0.41289500,0.52547250,0.34776000,0.32417422,1.14600994,-1.76351944
1570172362.68833804,0.02452200,-0.00707600,1.01272200,-0.14339225,-0.18920210,0.49710500,-0.17452750,-0.28224000,0.32417422,1.14600994,-1.76351944
1570172362.75127697,0.02061800,-0.00585600,1.01406400,0.10180652,-0.19291805,0.04210500,0.07047250,0.13776000,0.32271266,1.15083309,-1.76235019
1570172362.81452870,0.02281400,-0.00561200,1.01186800,0.04077207,-0.20394980,0.04210500,1.22547250,0.76776000,0.32534347,1.14922537,-1.76059632
1570172362.87762403,0.02074000,-0.00658800,1.01967600,-0.14944080,-0.06992083,0.04210500,-0.17452750,-0.14224000,0.32534347,1.14922537,-1.76059632
1570172362.94056320,0.02049600,-0.00597800,1.00808600,-0.07792800,0.02646632,0.63710500,-0.94452750,-0.59724000,0.32242034,1.14805612,-1.76512716
1570172363.00347733,0.02293600,-0.00524600,1.00393800,-0.03538376,-0.10806575,-0.58789500,0.73547250,0.45276000,0.32534347,1.14937153,-1.76702719
1570172363.06665778,0.01976400,-0.00463600,1.01223400,-0.38028760,0.06058022,0.53210500,-0.52452750,-0.49224000,0.32534347,1.14937153,-1.76702719
1570172363.12976646,0.02037400,-0.00475800,1.01052600,-0.05418872,0.04408133,0.07710500,-0.06952750,-0.14224000,0.32490500,1.14864075,-1.76819643
1570172363.19274974,0.02110600,-0.00463600,1.00479200,-0.36069690,0.34048822,0.28710500,-0.38452750,-0.94724000,0.32256650,1.15054078,-1.76585794
1570172363.25565219,0.02135000,-0.00512400,0.97465800,0.00279453,0.29527016,-0.27289500,0.87547250,0.52276000,0.32256650,1.15054078,-1.76585794
1570172363.31874299,0.02293600,-0.00500200,1.01016000,-0.14641929,0.08420122,0.04210500,-0.31452750,-0.14224000,0.32578194,1.15068693,-1.76220403
1570172363.38180876,0.02098400,-0.00524600,1.00759800,-0.03647362,-0.01570817,0.18210500,-0.27952750,-0.10724000,0.32271266,1.15141771,-1.76921953
1570172363.44485950,0.02171600,-0.00500200,1.01150200,-0.02075306,-0.03542879,0.28710500,-0.38452750,-0.03724000,0.32271266,1.15141771,-1.76921953
1570172363.50779963,0.02000800,-0.00524600,1.00845200,-0.03355015,0.06481575,-0.55289500,0.59547250,0.48776000,0.32768196,1.14410991,-1.77024262
1570172363.57073498,0.02391200,-0.00451400,1.00259600,0.24087748,-0.17355589,0.07710500,-0.10452750,-0.10724000,0.32768196,1.14410991,-1.77024262
